fixed acidity;volatile acidity;citric acid;residual sugar;chlorides;free sulfur dioxide;total sulfur dioxide;density;pH;sulphates;alcohol;quality
7.Nis;0.7;0;1.Eyl;0.076;11;34;0.9978;Mar.51;0.56;9.Nis;5
7.Aðu;0.88;0;2.Haz;0.098;25;67;0.9968;3.Þub;0.68;9.Aðu;5
7.Aðu;0.76;0.04;2.Mar;0.092;15;54;0.997;Mar.26;0.65;9.Aðu;5
11.Þub;0.28;0.56;1.Eyl;0.075;17;60;0.998;Mar.16;0.58;9.Aðu;6
7.Nis;0.7;0;1.Eyl;0.076;11;34;0.9978;Mar.51;0.56;9.Nis;5
7.Nis;0.66;0;1.Aðu;0.075;13;40;0.9978;Mar.51;0.56;9.Nis;5
7.Eyl;0.6;0.06;1.Haz;0.069;15;59;0.9964;3.Mar;0.46;9.Nis;5
7.Mar;0.65;0;1.Þub;0.065;15;21;0.9946;Mar.39;0.47;10;7
7.Aðu;0.58;0.02;2;0.073;9;18;0.9968;Mar.36;0.57;9.May;7
7.May;0.5;0.36;6.Oca;0.071;17;102;0.9978;Mar.35;0.8;10.May;5
6.Tem;0.58;0.08;1.Aðu;0.097;15;65;0.9959;Mar.28;0.54;9.Þub;5
7.May;0.5;0.36;6.Oca;0.071;17;102;0.9978;Mar.35;0.8;10.May;5
5.Haz;0.615;0;1.Haz;0.089;16;59;0.9943;Mar.58;0.52;9.Eyl;5
7.Aðu;0.61;0.29;1.Haz;0.114;9;29;0.9974;Mar.26;Oca.56;9.Oca;5
8.Eyl;0.62;0.18;3.Aðu;0.176;52;145;0.9986;Mar.16;0.88;9.Þub;5
8.Eyl;0.62;0.19;3.Eyl;0.17;51;148;0.9986;Mar.17;0.93;9.Þub;5
8.May;0.28;0.56;1.Aðu;0.092;35;103;0.9969;3.Mar;0.75;10.May;7
8.Oca;0.56;0.28;1.Tem;0.368;16;56;0.9968;3.Kas;Oca.28;9.Mar;5
7.Nis;0.59;0.08;4.Nis;0.086;6;29;0.9974;Mar.38;0.5;9;4
7.Eyl;0.32;0.51;1.Aðu;0.341;17;56;0.9969;3.Nis;1.Aðu;9.Þub;6
8.Eyl;0.22;0.48;1.Aðu;0.077;29;60;0.9968;Mar.39;0.53;9.Nis;6
7.Haz;0.39;0.31;2.Mar;0.082;23;71;0.9982;Mar.52;0.65;9.Tem;5
7.Eyl;0.43;0.21;1.Haz;0.106;10;37;0.9966;Mar.17;0.91;9.May;5
8.May;0.49;0.11;2.Mar;0.084;9;67;0.9968;Mar.17;0.53;9.Nis;5
6.Eyl;0.4;0.14;2.Nis;0.085;21;40;0.9968;Mar.43;0.63;9.Tem;6
6.Mar;0.39;0.16;1.Nis;0.08;11;23;0.9955;Mar.34;0.56;9.Mar;5
7.Haz;0.41;0.24;1.Aðu;0.08;4;11;0.9962;Mar.28;0.59;9.May;5
7.Eyl;0.43;0.21;1.Haz;0.106;10;37;0.9966;Mar.17;0.91;9.May;5
7.Oca;0.71;0;1.Eyl;0.08;14;35;0.9972;Mar.47;0.55;9.Nis;5
7.Aðu;0.645;0;2;0.082;8;16;0.9964;Mar.38;0.59;9.Aðu;6
6.Tem;0.675;0.07;2.Nis;0.089;17;82;0.9958;Mar.35;0.54;10.Oca;5
6.Eyl;0.685;0;2.May;0.105;22;37;0.9966;Mar.46;0.57;10.Haz;6
8.Mar;0.655;0.12;2.Mar;0.083;15;113;0.9966;Mar.17;0.66;9.Aðu;5
6.Eyl;0.605;0.12;10.Tem;0.073;40;83;0.9993;Mar.45;0.52;9.Nis;6
5.Þub;0.32;0.25;1.Aðu;0.103;13;50;0.9957;Mar.38;0.55;9.Þub;5
7.Aðu;0.645;0;5.May;0.086;5;18;0.9986;3.Nis;0.55;9.Haz;6
7.Aðu;0.6;0.14;2.Nis;0.086;3;15;0.9975;Mar.42;0.6;10.Aðu;6
8.Oca;0.38;0.28;2.Oca;0.066;13;30;0.9968;Mar.23;0.73;9.Tem;7
5.Tem;Oca.13;0.09;1.May;0.172;7;19;0.994;3.May;0.48;9.Aðu;4
7.Mar;0.45;0.36;5.Eyl;0.074;12;87;0.9978;Mar.33;0.83;10.May;5
7.Mar;0.45;0.36;5.Eyl;0.074;12;87;0.9978;Mar.33;0.83;10.May;5
8.Aðu;0.61;0.3;2.Aðu;0.088;17;46;0.9976;Mar.26;0.51;9.Mar;4
7.May;0.49;0.2;2.Haz;0.332;8;14;0.9968;Mar.21;0.9;10.May;6
8.Oca;0.66;0.22;2.Þub;0.069;9;23;0.9968;3.Mar;1.Þub;10.Mar;5
6.Aðu;0.67;0.02;1.Aðu;0.05;5;11;0.9962;Mar.48;0.52;9.May;5
4.Haz;0.52;0.15;2.Oca;0.054;8;65;0.9934;3.Eyl;0.56;13.Oca;4
7.Tem;0.935;0.43;2.Þub;0.114;22;114;0.997;Mar.25;0.73;9.Þub;5
8.Tem;0.29;0.52;1.Haz;0.113;12;37;0.9969;Mar.25;0.58;9.May;5
6.Nis;0.4;0.23;1.Haz;0.066;5;12;0.9958;Mar.34;0.56;9.Þub;5
5.Haz;0.31;0.37;1.Nis;0.074;12;96;0.9954;Mar.32;0.58;9.Þub;5
8.Aðu;0.66;0.26;1.Tem;0.074;4;23;0.9971;Mar.15;0.74;9.Þub;5
6.Haz;0.52;0.04;2.Þub;0.069;8;15;0.9956;3.Nis;0.63;9.Nis;6
6.Haz;0.5;0.04;2.Oca;0.068;6;14;0.9955;Mar.39;0.64;9.Nis;6
8.Haz;0.38;0.36;3;0.081;30;119;0.997;3.Þub;0.56;9.Nis;5
7.Haz;0.51;0.15;2.Aðu;0.11;33;73;0.9955;Mar.17;0.63;10.Þub;6
7.Tem;0.62;0.04;3.Aðu;0.084;25;45;0.9978;Mar.34;0.53;9.May;5
10.Þub;0.42;0.57;3.Nis;0.07;4;10;0.9971;3.Nis;0.63;9.Haz;5
7.May;0.63;0.12;5.Oca;0.111;50;110;0.9983;Mar.26;0.77;9.Nis;5
7.Aðu;0.59;0.18;2.Mar;0.076;17;54;0.9975;Mar.43;0.59;10;5
7.Mar;0.39;0.31;2.Nis;0.074;9;46;0.9962;Mar.41;0.54;9.Nis;6
8.Aðu;0.4;0.4;2.Þub;0.079;19;52;0.998;Mar.44;0.64;9.Þub;5
7.Tem;0.69;0.49;1.Aðu;0.115;20;112;0.9968;Mar.21;0.71;9.Mar;5
7.May;0.52;0.16;1.Eyl;0.085;12;35;0.9968;Mar.38;0.62;9.May;7
7;0.735;0.05;2;0.081;13;54;0.9966;Mar.39;0.57;9.Aðu;5
7.Þub;0.725;0.05;Nis.65;0.086;4;11;0.9962;Mar.41;0.39;10.Eyl;5
7.Þub;0.725;0.05;Nis.65;0.086;4;11;0.9962;Mar.41;0.39;10.Eyl;5
7.May;0.52;0.11;1.May;0.079;11;39;0.9968;Mar.42;0.58;9.Haz;5
6.Haz;0.705;0.07;1.Haz;0.076;6;15;0.9962;Mar.44;0.58;10.Tem;5
9.Mar;0.32;0.57;2;0.074;27;65;0.9969;Mar.28;0.79;10.Tem;5
8;0.705;0.05;1.Eyl;0.074;8;19;0.9962;Mar.34;0.95;10.May;6
7.Tem;0.63;0.08;1.Eyl;0.076;15;27;0.9967;Mar.32;0.54;9.May;6
7.Tem;0.67;0.23;2.Oca;0.088;17;96;0.9962;Mar.32;0.48;9.May;5
7.Tem;0.69;0.22;1.Eyl;0.084;18;94;0.9961;Mar.31;0.48;9.May;5
8.Mar;0.675;0.26;2.Oca;0.084;11;43;0.9976;Mar.31;0.53;9.Þub;4
9.Tem;0.32;0.54;2.May;0.094;28;83;0.9984;Mar.28;0.82;9.Haz;5
8.Aðu;0.41;0.64;2.Þub;0.093;9;42;0.9986;Mar.54;0.66;10.May;5
8.Aðu;0.41;0.64;2.Þub;0.093;9;42;0.9986;Mar.54;0.66;10.May;5
6.Aðu;0.785;0;2.Nis;0.104;14;30;0.9966;Mar.52;0.55;10.Tem;6
6.Tem;0.75;0.12;2;0.086;12;80;0.9958;Mar.38;0.52;10.Oca;5
8.Mar;0.625;0.2;1.May;0.08;27;119;0.9972;Mar.16;1.Ara;9.Oca;4
6.Þub;0.45;0.2;1.Haz;0.069;3;15;0.9958;Mar.41;0.56;9.Þub;5
7.Aðu;0.43;0.7;1.Eyl;0.464;22;67;0.9974;Mar.13;Oca.28;9.Nis;5
7.Nis;0.5;0.47;2;0.086;21;73;0.997;Mar.36;0.57;9.Oca;5
7.Mar;0.67;0.26;1.Aðu;0.401;16;51;0.9969;Mar.16;Oca.14;9.Nis;5
6.Mar;0.3;0.48;1.Aðu;0.069;18;61;0.9959;Mar.44;0.78;10.Mar;6
6.Eyl;0.55;0.15;2.Þub;0.076;19;40;0.9961;Mar.41;0.59;10.Oca;5
8.Haz;0.49;0.28;1.Eyl;0.11;20;136;0.9972;Þub.93;Oca.95;9.Eyl;6
7.Tem;0.49;0.26;1.Eyl;0.062;9;31;0.9966;Mar.39;0.64;9.Haz;5
9.Mar;0.39;0.44;2.Oca;0.107;34;125;0.9978;Mar.14;Oca.22;9.May;5
7;0.62;0.08;1.Aðu;0.076;8;24;0.9978;Mar.48;0.53;9;5
7.Eyl;0.52;0.26;1.Eyl;0.079;42;140;0.9964;Mar.23;0.54;9.May;5
8.Haz;0.49;0.28;1.Eyl;0.11;20;136;0.9972;Þub.93;Oca.95;9.Eyl;6
8.Haz;0.49;0.29;2;0.11;19;133;0.9972;Þub.93;Oca.98;9.Aðu;5
7.Tem;0.49;0.26;1.Eyl;0.062;9;31;0.9966;Mar.39;0.64;9.Haz;5
5;1.Þub;0.04;1.Nis;0.045;41;85;0.9938;Mar.75;0.48;10.May;4
4.Tem;0.6;0.17;2.Mar;0.058;17;106;0.9932;Mar.85;0.6;12.Eyl;6
6.Aðu;0.775;0;3;0.102;8;23;0.9965;Mar.45;0.56;10.Tem;5
7;0.5;0.25;2;0.07;3;22;0.9963;Mar.25;0.63;9.Þub;5
7.Haz;0.9;0.06;2.May;0.079;5;10;0.9967;Mar.39;0.56;9.Aðu;5
8.Oca;0.545;0.18;1.Eyl;0.08;13;35;0.9972;3.Mar;0.59;9;6
8.Mar;0.61;0.3;2.Oca;0.084;11;50;0.9972;3.Nis;0.61;10.Þub;6
7.Aðu;0.5;0.3;1.Eyl;0.075;8;22;0.9959;Mar.31;0.56;10.Nis;6
8.Oca;0.545;0.18;1.Eyl;0.08;13;35;0.9972;3.Mar;0.59;9;6
8.Oca;0.575;0.22;2.Oca;0.077;12;65;0.9967;Mar.29;0.51;9.Þub;5
7.Þub;0.49;0.24;2.Þub;0.07;5;36;0.996;Mar.33;0.48;9.Nis;5
8.Oca;0.575;0.22;2.Oca;0.077;12;65;0.9967;Mar.29;0.51;9.Þub;5
7.Aðu;0.41;0.68;1.Tem;0.467;18;69;0.9973;3.Aðu;Oca.31;9.Mar;5
6.Þub;0.63;0.31;1.Tem;0.088;15;64;0.9969;Mar.46;0.79;9.Mar;5
8;0.33;0.53;2.May;0.091;18;80;0.9976;Mar.37;0.8;9.Haz;6
8.Oca;0.785;0.52;2;0.122;37;153;0.9969;Mar.21;0.69;9.Mar;5
7.Aðu;0.56;0.19;1.Aðu;0.104;12;47;0.9964;Mar.19;0.93;9.May;5
8.Nis;0.62;0.09;2.Þub;0.084;11;108;0.9964;Mar.15;0.66;9.Aðu;5
8.Nis;0.6;0.1;2.Þub;0.085;14;111;0.9964;Mar.15;0.66;9.Aðu;5
10.Oca;0.31;0.44;2.Mar;0.08;22;46;0.9988;Mar.32;0.67;9.Tem;6
7.Aðu;0.56;0.19;1.Aðu;0.104;12;47;0.9964;Mar.19;0.93;9.May;5
9.Nis;0.4;0.31;2.Þub;0.09;13;62;0.9966;3.Tem;0.63;10.May;6
8.Mar;0.54;0.28;1.Eyl;0.077;11;40;0.9978;Mar.39;0.61;10;6
7.Aðu;0.56;0.12;2;0.082;7;28;0.997;Mar.37;0.5;9.Nis;6
8.Aðu;0.55;0.04;2.Þub;0.119;14;56;0.9962;Mar.21;0.6;10.Eyl;6
7;0.69;0.08;1.Aðu;0.097;22;89;0.9959;Mar.34;0.54;9.Þub;6
7.Mar;1.Tem;0.09;1.Tem;0.178;10;89;0.9962;3.Mar;0.57;9;5
8.Aðu;0.55;0.04;2.Þub;0.119;14;56;0.9962;Mar.21;0.6;10.Eyl;6
7.Mar;0.695;0;2.May;0.075;3;13;0.998;Mar.49;0.52;9.Þub;5
8;0.71;0;2.Haz;0.08;11;34;0.9976;Mar.44;0.53;9.May;5
7.Aðu;0.5;0.17;1.Haz;0.082;21;102;0.996;Mar.39;0.48;9.May;5
9;0.62;0.04;1.Eyl;0.146;27;90;0.9984;Mar.16;0.7;9.Nis;5
8.Þub;Oca.33;0;1.Tem;0.081;3;12;0.9964;Mar.53;0.49;10.Eyl;5
8.Oca;Oca.33;0;1.Aðu;0.082;3;12;0.9964;Mar.54;0.48;10.Eyl;5
8;0.59;0.16;1.Aðu;0.065;3;16;0.9962;Mar.42;0.92;10.May;7
6.Oca;0.38;0.15;1.Aðu;0.072;6;19;0.9955;Mar.42;0.57;9.Nis;5
8;0.745;0.56;2;0.118;30;134;0.9968;Mar.24;0.66;9.Nis;5
5.Haz;0.5;0.09;2.Mar;0.049;17;99;0.9937;Mar.63;0.63;13;5
5.Haz;0.5;0.09;2.Mar;0.049;17;99;0.9937;Mar.63;0.63;13;5
6.Haz;0.5;0.01;1.May;0.06;17;26;0.9952;3.Nis;0.58;9.Aðu;6
7.Eyl;1.Nis;0.05;2.Þub;0.084;13;29;0.9959;Mar.22;0.55;9.Eyl;6
8.Nis;0.745;0.11;1.Eyl;0.09;16;63;0.9965;Mar.19;0.82;9.Haz;5
8.Mar;0.715;0.15;1.Aðu;0.089;10;52;0.9968;Mar.23;0.77;9.May;5
7.Þub;0.415;0.36;2;0.081;13;45;0.9972;Mar.48;0.64;9.Þub;5
7.Aðu;0.56;0.19;2.Oca;0.081;15;105;0.9962;Mar.33;0.54;9.May;5
7.Aðu;0.56;0.19;2;0.081;17;108;0.9962;Mar.32;0.54;9.May;5
8.Nis;0.745;0.11;1.Eyl;0.09;16;63;0.9965;Mar.19;0.82;9.Haz;5
8.Mar;0.715;0.15;1.Aðu;0.089;10;52;0.9968;Mar.23;0.77;9.May;5
5.Þub;0.34;0;1.Aðu;0.05;27;63;0.9916;Mar.68;0.79;14;6
6.Mar;0.39;0.08;1.Tem;0.066;3;20;0.9954;Mar.34;0.58;9.Nis;5
5.Þub;0.34;0;1.Aðu;0.05;27;63;0.9916;Mar.68;0.79;14;6
8.Oca;0.67;0.55;1.Aðu;0.117;32;141;0.9968;Mar.17;0.62;9.Nis;5
5.Aðu;0.68;0.02;1.Aðu;0.087;21;94;0.9944;Mar.54;0.52;10;5
7.Haz;0.49;0.26;1.Haz;0.236;10;88;0.9968;3.Kas;0.8;9.Mar;5
6.Eyl;0.49;0.1;2.Mar;0.074;12;30;0.9959;Mar.42;0.58;10.Þub;6
8.Þub;0.4;0.44;2.Aðu;0.089;11;43;0.9975;Mar.53;0.61;10.May;6
7.Mar;0.33;0.47;2.Oca;0.077;5;11;0.9958;Mar.33;0.53;10.Mar;6
9.Þub;0.52;1;3.Nis;0.61;32;69;0.9996;Þub.74;2.0;9.Nis;4
7.May;0.6;0.03;1.Aðu;0.095;25;99;0.995;Mar.35;0.54;10.Oca;5
7.May;0.6;0.03;1.Aðu;0.095;25;99;0.995;Mar.35;0.54;10.Oca;5
7.Oca;0.43;0.42;5.May;0.07;29;129;0.9973;Mar.42;0.72;10.May;5
7.Oca;0.43;0.42;5.May;0.071;28;128;0.9973;Mar.42;0.71;10.May;5
7.Oca;0.43;0.42;5.May;0.07;29;129;0.9973;Mar.42;0.72;10.May;5
7.Oca;0.43;0.42;5.May;0.071;28;128;0.9973;Mar.42;0.71;10.May;5
7.Oca;0.68;0;2.Þub;0.073;12;22;0.9969;Mar.48;0.5;9.Mar;5
6.Aðu;0.6;0.18;1.Eyl;0.079;18;86;0.9968;Mar.59;0.57;9.Mar;6
7.Haz;0.95;0.03;2;0.09;7;20;0.9959;3.Þub;0.56;9.Haz;5
7.Haz;0.68;0.02;1.Mar;0.072;9;20;0.9965;Mar.17;1.Aðu;9.Þub;4
7.Aðu;0.53;0.04;1.Tem;0.076;17;31;0.9964;Mar.33;0.56;10;6
7.Nis;0.6;0.26;7.Mar;0.07;36;121;0.9982;Mar.37;0.49;9.Nis;5
7.Mar;0.59;0.26;7.Þub;0.07;35;121;0.9981;Mar.37;0.49;9.Nis;5
7.Aðu;0.63;0.48;1.Tem;0.1;14;96;0.9961;Mar.19;0.62;9.May;5
6.Aðu;0.64;0.1;2.Oca;0.085;18;101;0.9956;Mar.34;0.52;10.Þub;5
7.Mar;0.55;0.03;1.Haz;0.072;17;42;0.9956;Mar.37;0.48;9;4
6.Aðu;0.63;0.07;2.Oca;0.089;11;44;0.9953;Mar.47;0.55;10.Nis;6
7.May;0.705;0.24;1.Aðu;0.36;15;63;0.9964;3;Oca.59;9.May;5
7.Eyl;0.885;0.03;1.Aðu;0.058;4;8;0.9972;Mar.36;0.33;9.Oca;4
8;0.42;0.17;2;0.073;6;18;0.9972;Mar.29;0.61;9.Þub;6
8;0.42;0.17;2;0.073;6;18;0.9972;Mar.29;0.61;9.Þub;6
7.Nis;0.62;0.05;1.Eyl;0.068;24;42;0.9961;Mar.42;0.57;11.May;6
7.Mar;0.38;0.21;2;0.08;7;35;0.9961;Mar.33;0.47;9.May;5
6.Eyl;0.5;0.04;1.May;0.085;19;49;0.9958;Mar.35;0.78;9.May;5
7.Mar;0.38;0.21;2;0.08;7;35;0.9961;Mar.33;0.47;9.May;5
7.May;0.52;0.42;2.Mar;0.087;8;38;0.9972;Mar.58;0.61;10.May;6
7;0.805;0;2.May;0.068;7;20;0.9969;Mar.48;0.56;9.Haz;5
8.Aðu;0.61;0.14;2.Nis;0.067;10;42;0.9969;Mar.19;0.59;9.May;5
8.Aðu;0.61;0.14;2.Nis;0.067;10;42;0.9969;Mar.19;0.59;9.May;5
8.Eyl;0.61;0.49;2;0.27;23;110;0.9972;3.Ara;1.Þub;9.Mar;5
7.Þub;0.73;0.02;2.May;0.076;16;42;0.9972;Mar.44;0.52;9.Mar;5
6.Aðu;0.61;0.2;1.Aðu;0.077;11;65;0.9971;Mar.54;0.58;9.Mar;5
6.Tem;0.62;0.21;1.Eyl;0.079;8;62;0.997;Mar.52;0.58;9.Mar;6
8.Eyl;0.31;0.57;2;0.111;26;85;0.9971;Mar.26;0.53;9.Tem;5
7.Nis;0.39;0.48;2;0.082;14;67;0.9972;Mar.34;0.55;9.Þub;5
7.Tem;0.705;0.1;2.Haz;0.084;9;26;0.9976;Mar.39;0.49;9.Tem;5
7.Eyl;0.5;0.33;2;0.084;15;143;0.9968;3.Þub;0.55;9.May;5
7.Eyl;0.49;0.32;1.Eyl;0.082;17;144;0.9968;3.Þub;0.55;9.May;5
8.Þub;0.5;0.35;2.Eyl;0.077;21;127;0.9976;Mar.23;0.62;9.Nis;5
6.Nis;0.37;0.25;1.Eyl;0.074;21;49;0.9974;Mar.57;0.62;9.Aðu;6
6.Aðu;0.63;0.12;3.Aðu;0.099;16;126;0.9969;Mar.28;0.61;9.May;5
7.Haz;0.55;0.21;2.Þub;0.071;7;28;0.9964;Mar.28;0.55;9.Tem;5
7.Haz;0.55;0.21;2.Þub;0.071;7;28;0.9964;Mar.28;0.55;9.Tem;5
7.Aðu;0.59;0.33;2;0.074;24;120;0.9968;Mar.25;0.54;9.Nis;5
7.Mar;0.58;0.3;2.Nis;0.074;15;55;0.9968;Mar.46;0.59;10.Þub;5
11.May;0.3;0.6;2;0.067;12;27;0.9981;3.Kas;0.97;10.Oca;6
5.Nis;0.835;0.08;1.Þub;0.046;13;93;0.9924;Mar.57;0.85;13;7
6.Eyl;1.Eyl;0.06;2.Oca;0.061;12;31;0.9948;Mar.51;0.43;11.Nis;4
9.Haz;0.32;0.47;1.Nis;0.056;9;24;0.99695;Mar.22;0.82;10.Mar;7
8.Aðu;0.37;0.48;2.Oca;0.097;39;145;0.9975;3.Nis;1.Mar;9.Mar;5
6.Aðu;0.5;0.11;1.May;0.075;16;49;0.99545;Mar.36;0.79;9.May;5
7;0.42;0.35;1.Haz;0.088;16;39;0.9961;Mar.34;0.55;9.Þub;5
7;0.43;0.36;1.Haz;0.089;14;37;0.99615;Mar.34;0.56;9.Þub;6
12.Aðu;0.3;0.74;2.Haz;0.095;9;28;0.9994;3.Þub;0.77;10.Aðu;7
12.Aðu;0.3;0.74;2.Haz;0.095;9;28;0.9994;3.Þub;0.77;10.Aðu;7
7.Aðu;0.57;0.31;1.Aðu;0.069;26;120;0.99625;Mar.29;0.53;9.Mar;5
7.Aðu;0.44;0.28;2.Tem;0.1;18;95;0.9966;Mar.22;0.67;9.Nis;5
11;0.3;0.58;2.Oca;0.054;7;19;0.998;Mar.31;0.88;10.May;7
9.Tem;0.53;0.6;2;0.039;5;19;0.99585;3.Mar;0.86;12.Nis;6
8;0.725;0.24;2.Aðu;0.083;10;62;0.99685;Mar.35;0.56;10;6
11.Haz;0.44;0.64;2.Oca;0.059;5;15;0.998;Mar.21;0.67;10.Þub;6
8.Þub;0.57;0.26;2.Þub;0.06;28;65;0.9959;3.Mar;0.43;10.Oca;5
7.Aðu;0.735;0.08;2.Nis;0.092;10;41;0.9974;Mar.24;0.71;9.Aðu;6
7;0.49;0.49;5.Haz;0.06;26;121;0.9974;Mar.34;0.76;10.May;5
8.Tem;0.625;0.16;2;0.101;13;49;0.9962;Mar.14;0.57;11;5
8.Oca;0.725;0.22;2.Þub;0.072;11;41;0.9967;Mar.36;0.55;9.Oca;5
7.May;0.49;0.19;1.Eyl;0.076;10;44;0.9957;Mar.39;0.54;9.Tem;5
7.Aðu;0.53;0.33;2.Nis;0.08;24;144;0.99655;3.Mar;0.6;9.May;5
7.Aðu;0.34;0.37;2;0.082;24;58;0.9964;Mar.34;0.59;9.Nis;6
7.Nis;0.53;0.26;2;0.101;16;72;0.9957;Mar.15;0.57;9.Nis;5
6.Aðu;0.61;0.04;1.May;0.057;5;10;0.99525;Mar.42;0.6;9.May;5
8.Haz;0.645;0.25;2;0.083;8;28;0.99815;Mar.28;0.6;10;6
8.Nis;0.635;0.36;2;0.089;15;55;0.99745;Mar.31;0.57;10.Nis;4
7.Tem;0.43;0.25;2.Haz;0.073;29;63;0.99615;Mar.37;0.58;10.May;6
8.Eyl;0.59;0.5;2;0.337;27;81;0.9964;3.Nis;Oca.61;9.May;6
9;0.82;0.14;2.Haz;0.089;9;23;0.9984;Mar.39;0.63;9.Aðu;5
7.Tem;0.43;0.25;2.Haz;0.073;29;63;0.99615;Mar.37;0.58;10.May;6
6.Eyl;0.52;0.25;2.Haz;0.081;10;37;0.99685;Mar.46;0.5;11;5
5.Þub;0.48;0.04;1.Haz;0.054;19;106;0.9927;Mar.54;0.62;12.Þub;7
8;0.38;0.06;1.Aðu;0.078;12;49;0.99625;Mar.37;0.52;9.Eyl;6
8.May;0.37;0.2;2.Aðu;0.09;18;58;0.998;Mar.34;0.7;9.Haz;6
6.Eyl;0.52;0.25;2.Haz;0.081;10;37;0.99685;Mar.46;0.5;11;5
8.Þub;1;0.09;2.Mar;0.065;7;37;0.99685;Mar.32;0.55;9;6
7.Þub;0.63;0;1.Eyl;0.097;14;38;0.99675;Mar.37;0.58;9;6
7.Þub;0.63;0;1.Eyl;0.097;14;38;0.99675;Mar.37;0.58;9;6
7.Þub;0.645;0;1.Eyl;0.097;15;39;0.99675;Mar.37;0.58;9.Þub;6
7.Þub;0.63;0;1.Eyl;0.097;14;38;0.99675;Mar.37;0.58;9;6
8.Þub;1;0.09;2.Mar;0.065;7;37;0.99685;Mar.32;0.55;9;6
8.Eyl;0.635;0.37;1.Tem;0.263;5;62;0.9971;3;1.Eyl;9.Mar;5
12;0.38;0.56;2.Oca;0.093;6;24;0.99925;Mar.14;0.71;10.Eyl;6
7.Tem;0.58;0.1;1.Aðu;0.102;28;109;0.99565;3.Aðu;0.49;9.Aðu;6
15;0.21;0.44;2.Þub;0.075;10;24;100.005;3.Tem;0.84;9.Þub;7
15;0.21;0.44;2.Þub;0.075;10;24;100.005;3.Tem;0.84;9.Þub;7
7.Mar;0.66;0;2;0.084;6;23;0.9983;Mar.61;0.96;9.Eyl;6
7.Oca;0.68;0.07;1.Eyl;0.075;16;51;0.99685;Mar.38;0.52;9.May;5
8.Þub;0.6;0.17;2.Mar;0.072;11;73;0.9963;3.Þub;0.45;9.Mar;5
7.Tem;0.53;0.06;1.Tem;0.074;9;39;0.99615;Mar.35;0.48;9.Aðu;6
7.Mar;0.66;0;2;0.084;6;23;0.9983;Mar.61;0.96;9.Eyl;6
10.Aðu;0.32;0.44;1.Haz;0.063;16;37;0.9985;Mar.22;0.78;10;6
7.Oca;0.6;0;1.Aðu;0.074;16;34;0.9972;Mar.47;0.7;9.Eyl;6
11.Oca;0.35;0.48;3.Oca;0.09;5;21;0.9986;Mar.17;0.53;10.May;5
7.Tem;0.775;0.42;1.Eyl;0.092;8;86;0.9959;Mar.23;0.59;9.May;5
7.Oca;0.6;0;1.Aðu;0.074;16;34;0.9972;Mar.47;0.7;9.Eyl;6
8;0.57;0.23;3.Þub;0.073;17;119;0.99675;Mar.26;0.57;9.Mar;5
9.Nis;0.34;0.37;2.Þub;0.075;5;13;0.998;Mar.22;0.62;9.Þub;5
6.Haz;0.695;0;2.Oca;0.075;12;56;0.9968;Mar.49;0.67;9.Þub;5
7.Tem;0.41;0.76;1.Aðu;0.611;8;45;0.9968;3.Haz;Oca.26;9.Nis;5
10;0.31;0.47;2.Haz;0.085;14;33;0.99965;Mar.36;0.8;10.May;7
7.Eyl;0.33;0.23;1.Tem;0.077;18;45;0.99625;Mar.29;0.65;9.Mar;5
7;0.975;0.04;2;0.087;12;67;0.99565;Mar.35;0.6;9.Nis;4
8;0.52;0.03;1.Tem;0.07;10;35;0.99575;Mar.34;0.57;10;5
7.Eyl;0.37;0.23;1.Aðu;0.077;23;49;0.9963;Mar.28;0.67;9.Mar;5
12.May;0.56;0.49;2.Nis;0.064;5;27;0.9999;3.Aðu;0.87;10.Eyl;5
11.Aðu;0.26;0.52;1.Aðu;0.071;6;10;0.9968;3.Þub;0.72;10.Þub;7
8.Oca;0.87;0;3.Mar;0.096;26;61;100.025;3.Haz;0.72;9.Aðu;4
7.Eyl;0.35;0.46;3.Haz;0.078;15;37;0.9973;Mar.35;0.86;12.Aðu;8
6.Eyl;0.54;0.04;3;0.077;7;27;0.9987;Mar.69;0.91;9.Nis;6
11.May;0.18;0.51;4;0.104;4;23;0.9996;Mar.28;0.97;10.Oca;6
7.Eyl;0.545;0.06;4;0.087;27;61;0.9965;Mar.36;0.67;10.Tem;6
11.May;0.18;0.51;4;0.104;4;23;0.9996;Mar.28;0.97;10.Oca;6
10.Eyl;0.37;0.58;4;0.071;17;65;0.99935;Mar.22;0.78;10.Oca;5
8.Nis;0.715;0.2;2.Nis;0.076;10;38;0.99735;Mar.31;0.64;9.Nis;5
7.May;0.65;0.18;7;0.088;27;94;0.99915;Mar.38;0.77;9.Nis;5
7.Eyl;0.545;0.06;4;0.087;27;61;0.9965;Mar.36;0.67;10.Tem;6
6.Eyl;0.54;0.04;3;0.077;7;27;0.9987;Mar.69;0.91;9.Nis;6
11.May;0.18;0.51;4;0.104;4;23;0.9996;Mar.28;0.97;10.Oca;6
10.Mar;0.32;0.45;6.Nis;0.073;5;13;0.9976;Mar.23;0.82;12.Haz;8
8.Eyl;0.4;0.32;5.Haz;0.087;10;47;0.9991;Mar.38;0.77;10.May;7
11.Nis;0.26;0.44;3.Haz;0.071;6;19;0.9986;3.Ara;0.82;9.Mar;6
7.Tem;0.27;0.68;3.May;0.358;5;10;0.9972;Mar.25;1.Aðu;9.Eyl;7
7.Haz;0.52;0.12;3;0.067;12;53;0.9971;Mar.36;0.57;9.Oca;5
8.Eyl;0.4;0.32;5.Haz;0.087;10;47;0.9991;Mar.38;0.77;10.May;7
9.Eyl;0.59;0.07;3.Nis;0.102;32;71;100.015;Mar.31;0.71;9.Aðu;5
9.Eyl;0.59;0.07;3.Nis;0.102;32;71;100.015;Mar.31;0.71;9.Aðu;5
12;0.45;0.55;2;0.073;25;49;0.9997;3.Oca;0.76;10.Mar;6
7.May;0.4;0.12;3;0.092;29;53;0.9967;Mar.37;0.7;10.Mar;6
8.Tem;0.52;0.09;2.May;0.091;20;49;0.9976;Mar.34;0.86;10.Haz;7
11.Haz;0.42;0.53;3.Mar;0.105;33;98;1.001;3.Þub;0.95;9.Þub;5
8.Tem;0.52;0.09;2.May;0.091;20;49;0.9976;Mar.34;0.86;10.Haz;7
11;0.2;0.48;2;0.343;6;18;0.9979;3.Mar;0.71;10.May;5
10.Nis;0.55;0.23;2.Tem;0.091;18;48;0.9994;Mar.22;0.64;10.Mar;6
6.Eyl;0.36;0.25;2.Nis;0.098;5;16;0.9964;Mar.41;0.6;10.Oca;6
13.Mar;0.34;0.52;3.Þub;0.094;17;53;10.014;3.May;0.81;9.May;6
10.Aðu;0.5;0.46;2.May;0.073;5;27;10.001;3.May;0.64;9.May;5
10.Haz;0.83;0.37;2.Haz;0.086;26;70;0.9981;Mar.16;0.52;9.Eyl;5
7.Oca;0.63;0.06;2;0.083;8;29;0.99855;Mar.67;0.73;9.Haz;5
7.Þub;0.65;0.02;2.Mar;0.094;5;31;0.9993;Mar.67;0.8;9.Tem;5
6.Eyl;0.67;0.06;2.Oca;0.08;8;33;0.99845;Mar.68;0.71;9.Haz;5
7.May;0.53;0.06;2.Haz;0.086;20;44;0.9965;Mar.38;0.59;10.Tem;6
11.Oca;0.18;0.48;1.May;0.068;7;15;0.9973;Mar.22;0.64;10.Oca;6
8.Mar;0.705;0.12;2.Haz;0.092;12;28;0.9994;Mar.51;0.72;10;5
7.Nis;0.67;0.12;1.Haz;0.186;5;21;0.996;Mar.39;0.54;9.May;5
8.Nis;0.65;0.6;2.Oca;0.112;12;90;0.9973;3.Þub;0.52;9.Þub;5
10.Mar;0.53;0.48;2.May;0.063;6;25;0.9998;3.Ara;0.59;9.Mar;6
7.Haz;0.62;0.32;2.Þub;0.082;7;54;0.9966;Mar.36;0.52;9.Nis;5
10.Mar;0.41;0.42;2.Nis;0.213;6;14;0.9994;Mar.19;0.62;9.May;6
10.Mar;0.43;0.44;2.Nis;0.214;5;12;0.9994;Mar.19;0.63;9.May;6
7.Nis;0.29;0.38;1.Tem;0.062;9;30;0.9968;Mar.41;0.53;9.May;6
10.Mar;0.53;0.48;2.May;0.063;6;25;0.9998;3.Ara;0.59;9.Mar;6
7.Eyl;0.53;0.24;2;0.072;15;105;0.996;Mar.27;0.54;9.Nis;6
9;0.46;0.31;2.Aðu;0.093;19;98;0.99815;Mar.32;0.63;9.May;6
8.Haz;0.47;0.3;3;0.076;30;135;0.9976;3.Mar;0.53;9.Nis;5
7.Nis;0.36;0.29;2.Haz;0.087;26;72;0.99645;Mar.39;0.68;11;5
7.Oca;0.35;0.29;2.May;0.096;20;53;0.9962;Mar.42;0.65;11;6
9.Haz;0.56;0.23;3.Nis;0.102;37;92;0.9996;3.Mar;0.65;10.Oca;5
9.Haz;0.77;0.12;2.Eyl;0.082;30;74;0.99865;3.Mar;0.64;10.Nis;6
9.Aðu;0.66;0.39;3.Þub;0.083;21;59;0.9989;Mar.37;0.71;11.May;7
9.Haz;0.77;0.12;2.Eyl;0.082;30;74;0.99865;3.Mar;0.64;10.Nis;6
9.Aðu;0.66;0.39;3.Þub;0.083;21;59;0.9989;Mar.37;0.71;11.May;7
9.Mar;0.61;0.26;3.Nis;0.09;25;87;0.99975;Mar.24;0.62;9.Tem;5
7.Aðu;0.62;0.05;2.Mar;0.079;6;18;0.99735;Mar.29;0.63;9.Mar;5
10.Mar;0.59;0.42;2.Aðu;0.09;35;73;0.999;Mar.28;0.7;9.May;6
10;0.49;0.2;11;0.071;13;50;10.015;Mar.16;0.69;9.Þub;6
10;0.49;0.2;11;0.071;13;50;10.015;Mar.16;0.69;9.Þub;6
11.Haz;0.53;0.66;Mar.65;0.121;6;14;0.9978;3.May;0.74;11.May;7
10.Mar;0.44;0.5;4.May;0.107;5;13;0.998;Mar.28;0.83;11.May;5
13.Nis;0.27;0.62;2.Haz;0.082;6;21;10.002;Mar.16;0.67;9.Tem;6
10.Tem;0.46;0.39;2;0.061;7;15;0.9981;Mar.18;0.62;9.May;5
10.Þub;0.36;0.64;2.Eyl;0.122;10;41;0.998;Mar.23;0.66;12.May;6
10.Þub;0.36;0.64;2.Eyl;0.122;10;41;0.998;Mar.23;0.66;12.May;6
8;0.58;0.28;3.Þub;0.066;21;114;0.9973;Mar.22;0.54;9.Nis;6
8.Nis;0.56;0.08;2.Oca;0.105;16;44;0.9958;Mar.13;0.52;11;5
7.Eyl;0.65;0.01;2.May;0.078;17;38;0.9963;Mar.34;0.74;11.Tem;7
11.Eyl;0.695;0.53;3.Nis;0.128;7;21;0.9992;Mar.17;0.84;12.Þub;7
8.Eyl;0.43;0.45;1.Eyl;0.052;6;16;0.9948;Mar.35;0.7;12.May;6
7.Aðu;0.43;0.32;2.Aðu;0.08;29;58;0.9974;Mar.31;0.64;10.Mar;5
12.Nis;0.49;0.58;3;0.103;28;99;10.008;Mar.16;1;11.May;6
12.May;0.28;0.54;2.Mar;0.082;12;29;0.9997;3.Kas;Oca.36;9.Aðu;7
12.Þub;0.34;0.5;2.Nis;0.066;10;21;1;3.Ara;Oca.18;9.Þub;6
10.Haz;0.42;0.48;2.Tem;0.065;5;18;0.9972;Mar.21;0.87;11.Mar;6
10.Eyl;0.39;0.47;1.Aðu;0.118;6;14;0.9982;3.Mar;0.75;9.Aðu;6
10.Eyl;0.39;0.47;1.Aðu;0.118;6;14;0.9982;3.Mar;0.75;9.Aðu;6
11.Eyl;0.57;0.5;2.Haz;0.082;6;32;10.006;3.Ara;0.78;10.Tem;6
7;0.685;0;1.Eyl;0.067;40;63;0.9979;3.Haz;0.81;9.Eyl;5
6.Haz;0.815;0.02;2.Tem;0.072;17;34;0.9955;Mar.58;0.89;12.Mar;7
13.Aðu;0.49;0.67;3;0.093;6;15;0.9986;3.Þub;0.93;12;6
9.Haz;0.56;0.31;2.Aðu;0.089;15;46;0.9979;3.Kas;0.92;10;6
9.Oca;0.785;0;2.Haz;0.093;11;28;0.9994;Mar.36;0.86;9.Nis;6
10.Tem;0.67;0.22;2.Tem;0.107;17;34;10.004;Mar.28;0.98;9.Eyl;6
9.Oca;0.795;0;2.Haz;0.096;11;26;0.9994;Mar.35;0.83;9.Nis;6
7.Tem;0.665;0;2.Nis;0.09;8;19;0.9974;Mar.27;0.73;9.Mar;5
13.May;0.53;0.79;4.Aðu;0.12;23;77;10.018;Mar.18;0.77;13;5
6.Oca;0.21;0.4;1.Nis;0.066;40.5;165;0.9912;Mar.25;0.59;11.Eyl;6
6.Tem;0.75;0.01;2.Nis;0.078;17;32;0.9955;Mar.55;0.61;12.Aðu;6
11.May;0.41;0.52;3;0.08;29;55;10.001;Mar.26;0.88;11;5
10.May;0.42;0.66;Þub.95;0.116;12;29;0.997;Mar.24;0.75;11.Tem;7
11.Eyl;0.43;0.66;3.Oca;0.109;10;23;1;Mar.15;0.85;10.Nis;7
12.Haz;0.38;0.66;2.Haz;0.088;10;41;1.001;Mar.17;0.68;9.Aðu;6
8.Þub;0.7;0.23;2;0.099;14;81;0.9973;Mar.19;0.7;9.Nis;5
8.Haz;0.45;0.31;2.Haz;0.086;21;50;0.9982;Mar.37;0.91;9.Eyl;6
11.Eyl;0.58;0.66;2.May;0.072;6;37;0.9992;3.May;0.56;10;5
12.May;0.46;0.63;2;0.071;6;15;0.9988;Þub.99;0.87;10.Þub;5
12.Aðu;0.615;0.66;5.Aðu;0.083;7;42;10.022;3.Tem;0.73;10;7
10;0.42;0.5;3.Nis;0.107;7;21;0.9979;Mar.26;0.93;11.Aðu;6
12.Aðu;0.615;0.66;5.Aðu;0.083;7;42;10.022;3.Tem;0.73;10;7
10.Nis;0.575;0.61;2.Haz;0.076;11;24;1;Mar.16;0.69;9;5
10.Mar;0.34;0.52;2.Aðu;0.159;15;75;0.9998;Mar.18;0.64;9.Nis;5
9.Nis;0.27;0.53;2.Nis;0.074;6;18;0.9962;3.Þub;Oca.13;12;7
6.Eyl;0.765;0.02;2.Mar;0.063;35;63;0.9975;Mar.57;0.78;9.Eyl;5
7.Eyl;0.24;0.4;1.Haz;0.056;11;25;0.9967;Mar.32;0.87;8.Tem;6
9.Oca;0.28;0.48;1.Aðu;0.067;26;46;0.9967;Mar.32;1.Nis;10.Haz;6
7.Nis;0.55;0.22;2.Þub;0.106;12;72;0.9959;3.May;0.63;9.Þub;5
14;0.41;0.63;3.Aðu;0.089;6;47;10.014;3.Oca;0.81;10.Aðu;6
11.May;0.54;0.71;4.Nis;0.124;6;15;0.9984;3.Oca;0.83;11.Aðu;7
11.May;0.45;0.5;3;0.078;19;47;10.003;Mar.26;1.Kas;11;6
9.Nis;0.27;0.53;2.Nis;0.074;6;18;0.9962;3.Þub;Oca.13;12;7
11.Nis;0.625;0.66;6.Þub;0.088;6;24;0.9988;3.Kas;0.99;13.Mar;6
8.Mar;0.42;0.38;2.May;0.094;24;60;0.9979;Mar.31;0.7;10.Aðu;6
8.Mar;0.26;0.42;2;0.08;11;27;0.9974;Mar.21;0.8;9.Nis;6
13.Tem;0.415;0.68;2.Eyl;0.085;17;43;10.014;3.Haz;0.8;10;6
8.Mar;0.26;0.42;2;0.08;11;27;0.9974;Mar.21;0.8;9.Nis;6
8.Mar;0.26;0.42;2;0.08;11;27;0.9974;Mar.21;0.8;9.Nis;6
7.Tem;0.51;0.28;2.Oca;0.087;23;54;0.998;Mar.42;0.74;9.Þub;5
7.Nis;0.63;0.07;2.Nis;0.09;11;37;0.9979;Mar.43;0.76;9.Tem;6
7.Aðu;0.54;0.26;2;0.088;23;48;0.9981;Mar.41;0.74;9.Þub;6
8.Mar;0.66;0.15;1.Eyl;0.079;17;42;0.9972;Mar.31;0.54;9.Haz;6
7.Aðu;0.46;0.26;1.Eyl;0.088;23;53;0.9981;Mar.43;0.74;9.Þub;6
9.Haz;0.38;0.31;2.May;0.096;16;49;0.9982;Mar.19;0.7;10;7
5.Haz;0.85;0.05;1.Nis;0.045;12;88;0.9924;Mar.56;0.82;12.Eyl;8
13.Tem;0.415;0.68;2.Eyl;0.085;17;43;10.014;3.Haz;0.8;10;6
9.May;0.37;0.52;2;0.082;6;26;0.998;Mar.18;0.51;9.May;5
8.Nis;0.665;0.61;2;0.112;13;95;0.997;Mar.16;0.54;9.Oca;5
12.Tem;0.6;0.65;2.Mar;0.063;6;25;0.9997;3.Mar;0.57;9.Eyl;5
12;0.37;0.76;4.Þub;0.066;7;38;10.004;Mar.22;0.6;13;7
6.Haz;0.735;0.02;7.Eyl;0.122;68;124;0.9994;Mar.47;0.53;9.Eyl;5
11.May;0.59;0.59;2.Haz;0.087;13;49;0.9988;Mar.18;0.65;11;6
11.May;0.59;0.59;2.Haz;0.087;13;49;0.9988;Mar.18;0.65;11;6
8.Tem;0.765;0.22;2.Mar;0.064;9;42;0.9963;3.Oca;0.55;9.Nis;5
6.Haz;0.735;0.02;7.Eyl;0.122;68;124;0.9994;Mar.47;0.53;9.Eyl;5
7.Tem;0.26;0.3;1.Tem;0.059;20;38;0.9949;Mar.29;0.47;10.Aðu;6
12.Þub;0.48;0.54;2.Haz;0.085;19;64;1;3.Oca;0.61;10.May;6
11.Nis;0.6;0.49;2.Tem;0.085;10;41;0.9994;Mar.15;0.63;10.May;6
7.Tem;0.69;0.05;2.Tem;0.075;15;27;0.9974;Mar.26;0.61;9.Oca;5
8.Tem;0.31;0.46;1.Nis;0.059;11;25;0.9966;Mar.36;0.76;10.Oca;6
9.Aðu;0.44;0.47;2.May;0.063;9;28;0.9981;Mar.24;0.65;10.Aðu;6
12;0.39;0.66;3;0.093;12;30;0.9996;Mar.18;0.63;10.Aðu;7
10.Nis;0.34;0.58;3.Tem;0.174;6;16;0.997;Mar.19;0.7;11.Mar;6
12.May;0.46;0.49;4.May;0.07;26;49;0.9981;3.May;0.57;9.Haz;4
9;0.43;0.34;2.May;0.08;26;86;0.9987;Mar.38;0.62;9.May;6
9.Oca;0.45;0.35;2.Nis;0.08;23;78;0.9987;Mar.38;0.62;9.May;5
7.Oca;0.735;0.16;1.Eyl;0.1;15;77;0.9966;Mar.27;0.64;9.Mar;5
9.Eyl;0.4;0.53;6.Tem;0.097;6;19;0.9986;Mar.27;0.82;11.Tem;7
8.Aðu;0.52;0.34;2.Tem;0.087;24;122;0.9982;Mar.26;0.61;9.May;5
8.Haz;0.725;0.24;6.Haz;0.117;31;134;10.014;Mar.32;1.Tem;9.Mar;5
10.Haz;0.48;0.64;2.Þub;0.111;6;20;0.997;Mar.26;0.66;11.Tem;6
7;0.58;0.12;1.Eyl;0.091;34;124;0.9956;Mar.44;0.48;10.May;5
11.Eyl;0.38;0.51;2;0.121;7;20;0.9996;Mar.24;0.76;10.Nis;6
6.Aðu;0.77;0;1.Aðu;0.066;34;52;0.9976;Mar.62;0.68;9.Eyl;5
9.May;0.56;0.33;2.Nis;0.089;35;67;0.9972;Mar.28;0.73;11.Aðu;7
6.Haz;0.84;0.03;2.Mar;0.059;32;48;0.9952;Mar.52;0.56;12.Mar;7
7.Tem;0.96;0.2;2;0.047;15;60;0.9955;Mar.36;0.44;10.Eyl;5
10.May;0.24;0.47;2.Oca;0.066;6;24;0.9978;Mar.15;0.9;11;7
7.Tem;0.96;0.2;2;0.047;15;60;0.9955;Mar.36;0.44;10.Eyl;5
6.Haz;0.84;0.03;2.Mar;0.059;32;48;0.9952;Mar.52;0.56;12.Mar;7
6.Nis;0.67;0.08;2.Oca;0.045;19;48;0.9949;Mar.49;0.49;11.Nis;6
9.May;0.78;0.22;1.Eyl;0.077;6;32;0.9988;Mar.26;0.56;10.Haz;6
9.Oca;0.52;0.33;1.Mar;0.07;9;30;0.9978;Mar.24;0.6;9.Mar;5
12.Aðu;0.84;0.63;2.Nis;0.088;13;35;0.9997;3.Oca;0.6;10.Nis;6
10.May;0.24;0.47;2.Oca;0.066;6;24;0.9978;Mar.15;0.9;11;7
7.Aðu;0.55;0.35;2.Þub;0.074;21;66;0.9974;Mar.25;0.56;9.Þub;5
11.Eyl;0.37;0.69;2.Mar;0.078;12;24;0.9958;3;0.65;12.Aðu;6
12.Mar;0.39;0.63;2.Mar;0.091;6;18;10.004;Mar.16;0.49;9.May;5
10.Nis;0.41;0.55;3.Þub;0.076;22;54;0.9996;Mar.15;0.89;9.Eyl;6
12.Mar;0.39;0.63;2.Mar;0.091;6;18;10.004;Mar.16;0.49;9.May;5
8;0.67;0.3;2;0.06;38;62;0.9958;Mar.26;0.56;10.Þub;6
11.Oca;0.45;0.73;3.Þub;0.066;6;22;0.9986;Mar.17;0.66;11.Þub;6
10.Nis;0.41;0.55;3.Þub;0.076;22;54;0.9996;Mar.15;0.89;9.Eyl;6
7;0.62;0.18;1.May;0.062;7;50;0.9951;3.Aðu;0.6;9.Mar;5
12.Haz;0.31;0.72;2.Þub;0.072;6;29;0.9987;Þub.88;0.82;9.Aðu;8
11.Eyl;0.4;0.65;Þub.15;0.068;7;27;0.9988;3.Haz;0.68;11.Mar;6
15.Haz;0.685;0.76;3.Tem;0.1;6;43;10.032;Þub.95;0.68;11.Þub;7
10;0.44;0.49;2.Tem;0.077;11;19;0.9963;Mar.23;0.63;11.Haz;7
5.Mar;0.57;0.01;1.Tem;0.054;5;27;0.9934;Mar.57;0.84;12.May;7
9.May;0.735;0.1;2.Oca;0.079;6;31;0.9986;Mar.23;0.56;10.Oca;6
12.May;0.38;0.6;2.Haz;0.081;31;72;0.9996;3.Oca;0.73;10.May;5
9.Mar;0.48;0.29;2.Oca;0.127;6;16;0.9968;Mar.22;0.72;11.Þub;5
8.Haz;0.53;0.22;2;0.1;7;27;0.9967;3.Þub;0.56;10.Þub;6
11.Eyl;0.39;0.69;2.Aðu;0.095;17;35;0.9994;3.Oca;0.61;10.Aðu;6
11.Eyl;0.39;0.69;2.Aðu;0.095;17;35;0.9994;3.Oca;0.61;10.Aðu;6
8.Nis;0.37;0.53;1.Aðu;0.413;9;26;0.9979;3.Haz;1.Haz;9.Oca;6
6.Aðu;0.56;0.03;1.Tem;0.084;18;35;0.9968;Mar.44;0.63;10;6
10.Nis;0.33;0.63;2.Aðu;0.084;5;22;0.9998;Mar.26;0.74;11.Þub;7
7;0.23;0.4;1.Haz;0.063;21;67;0.9952;3.May;0.63;11.Oca;5
11.Mar;0.62;0.67;5.Þub;0.086;6;19;0.9988;Mar.22;0.69;13.Nis;8
8.Eyl;0.59;0.39;2.Mar;0.095;5;22;0.9986;Mar.37;0.58;10.Mar;5
9.Þub;0.63;0.21;2.Tem;0.097;29;65;0.9988;Mar.28;0.58;9.Haz;5
10.Nis;0.33;0.63;2.Aðu;0.084;5;22;0.9998;Mar.26;0.74;11.Þub;7
11.Haz;0.58;0.66;2.Þub;0.074;10;47;10.008;Mar.25;0.57;9;3
9.Þub;0.43;0.52;2.Mar;0.083;14;23;0.9976;Mar.35;0.61;11.Mar;6
8.Mar;0.615;0.22;2.Haz;0.087;6;19;0.9982;Mar.26;0.61;9.Mar;5
11;0.26;0.68;Þub.55;0.085;10;25;0.997;Mar.18;0.61;11.Aðu;5
8.Oca;0.66;0.7;2.Þub;0.098;25;129;0.9972;3.Aðu;0.53;9;5
11.May;0.315;0.54;2.Oca;0.084;5;15;0.9987;Þub.98;0.7;9.Þub;6
10;0.29;0.4;2.Eyl;0.098;10;26;10.006;Mar.48;0.91;9.Tem;5
10.Mar;0.5;0.42;2;0.069;21;51;0.9982;Mar.16;0.72;11.May;6
8.Aðu;0.46;0.45;2.Haz;0.065;7;18;0.9947;Mar.32;0.79;14;6
11.Nis;0.36;0.69;2.Oca;0.09;6;21;1;Mar.17;0.62;9.Þub;6
8.Tem;0.82;0.02;1.Þub;0.07;36;48;0.9952;3.Þub;0.58;9.Aðu;5
13;0.32;0.65;2.Haz;0.093;15;47;0.9996;3.May;0.61;10.Haz;5
9.Haz;0.54;0.42;2.Nis;0.081;25;52;0.997;3.Þub;0.71;11.Nis;6
12.May;0.37;0.55;2.Haz;0.083;25;68;0.9995;Mar.15;0.82;10.Nis;6
9.Eyl;0.35;0.55;2.Oca;0.062;5;14;0.9971;Mar.26;0.79;10.Haz;5
10.May;0.28;0.51;1.Tem;0.08;10;24;0.9982;3.Þub;0.89;9.Nis;6
9.Haz;0.68;0.24;2.Þub;0.087;5;28;0.9988;Mar.14;0.6;10.Þub;5
9.Mar;0.27;0.41;2;0.091;6;16;0.998;Mar.28;0.7;9.Tem;5
10.Nis;0.24;0.49;1.Aðu;0.075;6;20;0.9977;Mar.18;1.Haz;11;6
9.Haz;0.68;0.24;2.Þub;0.087;5;28;0.9988;Mar.14;0.6;10.Þub;5
9.Nis;0.685;0.11;2.Tem;0.077;6;31;0.9984;Mar.19;0.7;10.Oca;6
10.Haz;0.28;0.39;15.May;0.069;6;23;10.026;3.Ara;0.66;9.Þub;5
9.Nis;0.3;0.56;2.Aðu;0.08;6;17;0.9964;Mar.15;0.92;11.Tem;8
10.Haz;0.36;0.59;2.Þub;0.152;6;18;0.9986;3.Nis;1.May;9.Nis;5
10.Haz;0.36;0.6;2.Þub;0.152;7;18;0.9986;3.Nis;1.Haz;9.Nis;5
10.Haz;0.44;0.68;4.Oca;0.114;6;24;0.997;3.Haz;0.66;13.Nis;6
10.Þub;0.67;0.39;1.Eyl;0.054;6;17;0.9976;Mar.17;0.47;10;5
10.Þub;0.67;0.39;1.Eyl;0.054;6;17;0.9976;Mar.17;0.47;10;5
10.Þub;0.645;0.36;1.Aðu;0.053;5;14;0.9982;Mar.17;0.42;10;6
11.Haz;0.32;0.55;2.Aðu;0.081;35;67;10.002;Mar.32;0.92;10.Aðu;7
9.Mar;0.39;0.4;2.Haz;0.073;10;26;0.9984;Mar.34;0.75;10.Þub;6
9.Mar;0.775;0.27;2.Aðu;0.078;24;56;0.9984;Mar.31;0.67;10.Haz;6
9.Þub;0.41;0.5;2.May;0.055;12;25;0.9952;Mar.34;0.79;13.Mar;7
8.Eyl;0.4;0.51;2.Haz;0.052;13;27;0.995;Mar.32;0.9;13.Nis;7
8.Tem;0.69;0.31;3;0.086;23;81;10.002;Mar.48;0.74;11.Haz;6
6.May;0.39;0.23;8.Mar;0.051;28;91;0.9952;Mar.44;0.55;12.Oca;6
10.Tem;0.35;0.53;2.Haz;0.07;5;16;0.9972;Mar.15;0.65;11;8
7.Aðu;0.52;0.25;1.Eyl;0.081;14;38;0.9984;Mar.43;0.65;9;6
7.Þub;0.34;0.32;2.May;0.09;43;113;0.9966;Mar.32;0.79;11.Oca;5
10.Tem;0.35;0.53;2.Haz;0.07;5;16;0.9972;Mar.15;0.65;11;8
9.Tem;0.69;0.31;3.06.2024;0.086;23;81;10.002;Mar.48;0.74;11.Haz;6
7.Aðu;0.52;0.25;1.Eyl;0.081;14;38;0.9984;Mar.43;0.65;9;6
10.Nis;0.44;0.73;Haz.55;0.074;38;76;0.999;Mar.17;0.85;12;7
10.Nis;0.44;0.73;Haz.55;0.074;38;76;0.999;Mar.17;0.85;12;7
10.May;0.26;0.47;1.Eyl;0.078;6;24;0.9976;Mar.18;1.Nis;10.Eyl;7
10.May;0.24;0.42;1.Aðu;0.077;6;22;0.9976;Mar.21;1.May;10.Aðu;7
10.Þub;0.49;0.63;2.Eyl;0.072;10;26;0.9968;Mar.16;0.78;12.May;7
10.Nis;0.24;0.46;1.Aðu;0.075;6;21;0.9976;Mar.25;1.Þub;10.Aðu;7
11.Þub;0.67;0.55;2.Mar;0.084;6;13;1;Mar.17;0.71;9.May;6
10;0.59;0.31;2.Þub;0.09;26;62;0.9994;Mar.18;0.63;10.Þub;6
13.Mar;0.29;0.75;2.Aðu;0.084;23;43;0.9986;3.Nis;0.68;11.Nis;7
12.Nis;0.42;0.49;4.Haz;0.073;19;43;0.9978;3.Þub;0.61;9.May;5
10;0.59;0.31;2.Þub;0.09;26;62;0.9994;Mar.18;0.63;10.Þub;6
10.Tem;0.4;0.48;2.Oca;0.125;15;49;0.998;3.Mar;0.81;9.Tem;6
10.May;0.51;0.64;2.Nis;0.107;6;15;0.9973;3.Eyl;0.66;11.Aðu;7
10.May;0.51;0.64;2.Nis;0.107;6;15;0.9973;3.Eyl;0.66;11.Aðu;7
8.May;0.655;0.49;6.Oca;0.122;34;151;1.001;Mar.31;Oca.14;9.Mar;5
12.May;0.6;0.49;4.Mar;0.1;5;14;1.001;Mar.25;0.74;11.Eyl;6
10.Nis;0.61;0.49;2.Oca;0.2;5;16;0.9994;Mar.16;0.63;8.Nis;3
10.Eyl;0.21;0.49;2.Aðu;0.088;11;32;0.9972;Mar.22;0.68;11.Tem;6
7.Mar;0.365;0.49;2.May;0.088;39;106;0.9966;Mar.36;0.78;11;5
9.Aðu;0.25;0.49;2.Tem;0.088;15;33;0.9982;Mar.42;0.9;10;6
7.Haz;0.41;0.49;2;0.088;16;43;0.998;Mar.48;0.64;9.Oca;5
8.Þub;0.39;0.49;2.Mar;0.099;47;133;0.9979;Mar.38;0.99;9.Aðu;5
9.Mar;0.4;0.49;2.May;0.085;38;142;0.9978;Mar.22;0.55;9.Nis;5
9.Þub;0.43;0.49;2.Nis;0.086;23;116;0.9976;Mar.23;0.64;9.May;5
10.Nis;0.64;0.24;2.Aðu;0.105;29;53;0.9998;Mar.24;0.67;9.Eyl;5
7.Mar;0.365;0.49;2.May;0.088;39;106;0.9966;Mar.36;0.78;11;5
7;0.38;0.49;2.May;0.097;33;85;0.9962;Mar.39;0.77;11.Nis;6
8.Þub;0.42;0.49;2.Haz;0.084;32;55;0.9988;Mar.34;0.75;8.Tem;6
9.Eyl;0.63;0.24;2.Nis;0.077;6;33;0.9974;3.Eyl;0.57;9.Nis;5
9.Oca;0.22;0.24;2.Oca;0.078;1;28;0.999;Mar.41;0.87;10.Mar;6
11.Eyl;0.38;0.49;2.Tem;0.098;12;42;10.004;Mar.16;0.61;10.Mar;5
11.Eyl;0.38;0.49;2.Tem;0.098;12;42;10.004;Mar.16;0.61;10.Mar;5
10.Mar;0.27;0.24;2.Oca;0.072;15;33;0.9956;Mar.22;0.66;12.Aðu;6
10;0.48;0.24;2.Tem;0.102;13;32;1;Mar.28;0.56;10;6
9.Oca;0.22;0.24;2.Oca;0.078;1;28;0.999;Mar.41;0.87;10.Mar;6
9.Eyl;0.63;0.24;2.Nis;0.077;6;33;0.9974;3.Eyl;0.57;9.Nis;5
8.Oca;0.825;0.24;2.Oca;0.084;5;13;0.9972;Mar.37;0.77;10.Tem;6
12.Eyl;0.35;0.49;5.Aðu;0.066;5;35;10.014;3.Þub;0.66;12;7
11.Þub;0.5;0.74;May.15;0.1;5;17;0.9996;Mar.22;0.62;11.Þub;5
9.Þub;0.59;0.24;3.Mar;0.101;20;47;0.9988;Mar.26;0.67;9.Haz;5
9.May;0.46;0.49;6.Mar;0.064;5;17;0.9988;Mar.21;0.73;11;6
9.Mar;0.715;0.24;2.Oca;0.07;5;20;0.9966;3.Ara;0.59;9.Eyl;5
11.Þub;0.66;0.24;2.May;0.085;16;53;0.9993;3.Haz;0.72;11;6
14.Mar;0.31;0.74;1.Aðu;0.075;6;15;10.008;Þub.86;0.79;8.Nis;6
9.Oca;0.47;0.49;2.Haz;0.094;38;106;0.9982;3.Aðu;0.59;9.Oca;5
7.May;0.55;0.24;2;0.078;10;28;0.9983;Mar.45;0.78;9.May;6
10.Haz;0.31;0.49;2.May;0.067;6;21;0.9987;Mar.26;0.86;10.Tem;6
12.Nis;0.35;0.49;2.Haz;0.079;27;69;0.9994;3.Ara;0.75;10.Nis;6
9;0.53;0.49;1.Eyl;0.171;6;25;0.9975;Mar.27;0.61;9.Nis;6
6.Aðu;0.51;0.01;2.Oca;0.074;9;25;0.9958;Mar.33;0.56;9.May;6
9.Nis;0.43;0.24;2.Aðu;0.092;14;45;0.998;Mar.19;0.73;10;6
9.May;0.46;0.24;2.Tem;0.092;14;44;0.998;3.Ara;0.74;10;6
5;1.Nis;0.24;1.Haz;0.05;32;96;0.9934;Mar.74;0.62;11.May;5
15.May;0.645;0.49;4.Þub;0.095;10;23;100.315;Þub.92;0.74;11.Oca;5
15.May;0.645;0.49;4.Þub;0.095;10;23;100.315;Þub.92;0.74;11.Oca;5
10.Eyl;0.53;0.49;4.Haz;0.118;10;17;10.002;3.Tem;0.56;11.Tem;6
15.Haz;0.645;0.49;4.Þub;0.095;10;23;100.315;Þub.92;0.74;11.Oca;5
10.Eyl;0.53;0.49;4.Haz;0.118;10;17;10.002;3.Tem;0.56;11.Tem;6
13;0.47;0.49;4.Mar;0.085;6;47;10.021;3.Mar;0.68;12.Tem;6
12.Tem;0.6;0.49;2.Aðu;0.075;5;19;0.9994;Mar.14;0.57;11.Nis;5
9;0.44;0.49;2.Nis;0.078;26;121;0.9978;Mar.23;0.58;9.Þub;5
9;0.54;0.49;2.Eyl;0.094;41;110;0.9982;3.Aðu;0.61;9.Þub;5
7.Haz;0.29;0.49;2.Tem;0.092;25;60;0.9971;Mar.31;0.61;10.Oca;6
13;0.47;0.49;4.Mar;0.085;6;47;10.021;3.Mar;0.68;12.Tem;6
12.Tem;0.6;0.49;2.Aðu;0.075;5;19;0.9994;Mar.14;0.57;11.Nis;5
8.Tem;0.7;0.24;2.May;0.226;5;15;0.9991;Mar.32;0.6;9;6
8.Tem;0.7;0.24;2.May;0.226;5;15;0.9991;Mar.32;0.6;9;6
9.Aðu;0.5;0.49;2.Haz;0.25;5;20;0.999;Mar.31;0.79;10.Tem;6
6.Þub;0.36;0.24;2.Þub;0.095;19;42;0.9946;Mar.57;0.57;11.Tem;6
11.May;0.35;0.49;3.Mar;0.07;10;37;10.003;Mar.32;0.91;11;6
6.Þub;0.36;0.24;2.Þub;0.095;19;42;0.9946;Mar.57;0.57;11.Tem;6
10.Þub;0.24;0.49;2.Nis;0.075;10;28;0.9978;Mar.14;0.61;10.Nis;5
10.May;0.59;0.49;2.Oca;0.07;14;47;0.9991;3.Mar;0.56;9.Haz;4
10.Haz;0.34;0.49;3.Þub;0.078;20;78;0.9992;Mar.19;0.7;10;6
12.Mar;0.27;0.49;3.Oca;0.079;28;46;0.9993;3.Þub;0.8;10.Þub;6
9.Eyl;0.5;0.24;2.Mar;0.103;6;14;0.9978;Mar.34;0.52;10;4
8.Aðu;0.44;0.49;2.Aðu;0.083;18;111;0.9982;3.Mar;0.6;9.May;5
8.Aðu;0.47;0.49;2.Eyl;0.085;17;110;0.9982;Mar.29;0.6;9.Aðu;5
10.Haz;0.31;0.49;2.Þub;0.063;18;40;0.9976;Mar.14;0.51;9.Aðu;6
12.Mar;0.5;0.49;2.Þub;0.089;5;14;10.002;Mar.19;0.44;9.Haz;5
12.Mar;0.5;0.49;2.Þub;0.089;5;14;10.002;Mar.19;0.44;9.Haz;5
11.Tem;0.49;0.49;2.Þub;0.083;5;15;1;Mar.19;0.43;9.Þub;5
12;0.28;0.49;1.Eyl;0.074;10;21;0.9976;Þub.98;0.66;9.Eyl;7
11.Aðu;0.33;0.49;3.Nis;0.093;54;80;10.002;3.Mar;0.76;10.Tem;7
7.Haz;0.51;0.24;2.Nis;0.091;8;38;0.998;Mar.47;0.66;9.Haz;6
11.Oca;0.31;0.49;2.Tem;0.094;16;47;0.9986;3.Ara;1.Þub;10.Haz;7
7.Mar;0.73;0.24;1.Eyl;0.108;18;102;0.9967;Mar.26;0.59;9.Mar;5
5;0.42;0.24;2;0.06;19;50;0.9917;Mar.72;0.74;14;8
10.Þub;0.29;0.49;2.Haz;0.059;5;13;0.9976;3.May;0.74;10.May;7
9;0.45;0.49;2.Haz;0.084;21;75;0.9987;Mar.35;0.57;9.Tem;5
6.Haz;0.39;0.49;1.Tem;0.07;23;149;0.9922;3.Ara;0.5;11.May;6
9;0.45;0.49;2.Haz;0.084;21;75;0.9987;Mar.35;0.57;9.Tem;5
9.Eyl;0.49;0.58;3.May;0.094;9;43;10.004;Mar.29;0.58;9;5
7.Eyl;0.72;0.17;2.Haz;0.096;20;38;0.9978;3.Nis;0.53;9.May;5
8.Eyl;0.595;0.41;7.Eyl;0.086;30;109;0.9998;Mar.27;0.57;9.Mar;5
12.Nis;0.4;0.51;2;0.059;6;24;0.9994;3.Nis;0.6;9.Mar;6
11.Eyl;0.58;0.58;1.Eyl;0.071;5;18;0.998;3.Eyl;0.63;10;6
8.May;0.585;0.18;2.Oca;0.078;5;30;0.9967;3.Þub;0.48;9.Aðu;6
12.Tem;0.59;0.45;2.Mar;0.082;11;22;1;3;0.7;9.Mar;6
8.Þub;0.915;0.27;2.Oca;0.088;7;23;0.9962;Mar.26;0.47;10;4
13.Þub;0.46;0.52;2.Þub;0.071;12;35;10.006;3.Oca;0.56;9;6
7.Tem;0.835;0;2.Haz;0.081;6;14;0.9975;3.Mar;0.52;9.Mar;5
13.Þub;0.46;0.52;2.Þub;0.071;12;35;10.006;3.Oca;0.56;9;6
8.Mar;0.58;0.13;2.Eyl;0.096;14;63;0.9984;Mar.17;0.62;9.Oca;6
8.Mar;0.6;0.13;2.Haz;0.085;6;24;0.9984;Mar.31;0.59;9.Þub;6
9.Nis;0.41;0.48;4.Haz;0.072;10;20;0.9973;Mar.34;0.79;12.Þub;7
8.Aðu;0.48;0.41;3.Mar;0.092;26;52;0.9982;Mar.31;0.53;10.May;6
10.Oca;0.65;0.37;5.Oca;0.11;11;65;10.026;Mar.32;0.64;10.Nis;6
6.Mar;0.36;0.19;3.Þub;0.075;15;39;0.9956;Mar.56;0.52;12.Tem;6
8.Aðu;0.24;0.54;2.May;0.083;25;57;0.9983;Mar.39;0.54;9.Þub;5
13.Þub;0.38;0.55;2.Tem;0.081;5;16;10.006;Þub.98;0.54;9.Nis;5
7.May;0.64;0;2.Nis;0.077;18;29;0.9965;Mar.32;0.6;10;6
8.Þub;0.39;0.38;1.May;0.058;10;29;0.9962;Mar.26;0.74;9.Aðu;5
9.Þub;0.755;0.18;2.Þub;0.148;10;103;0.9969;Þub.87;Oca.36;10.Þub;6
9.Haz;0.6;0.5;2.Mar;0.079;28;71;0.9997;3.May;0.57;9.Tem;5
9.Haz;0.6;0.5;2.Mar;0.079;28;71;0.9997;3.May;0.57;9.Tem;5
11.May;0.31;0.51;2.Þub;0.079;14;28;0.9982;3.Mar;0.93;9.Aðu;6
11.Nis;0.46;0.5;2.Tem;0.122;4;17;10.006;Mar.13;0.7;10.Þub;5
11.Mar;0.37;0.41;2.Mar;0.088;6;16;0.9988;3.Eyl;0.8;9.Mar;5
8.Mar;0.54;0.24;3.Nis;0.076;16;112;0.9976;Mar.27;0.61;9.Nis;5
8.Þub;0.56;0.23;3.Nis;0.078;14;104;0.9976;Mar.28;0.62;9.Nis;5
10;0.58;0.22;1.Eyl;0.08;9;32;0.9974;Mar.13;0.55;9.May;5
7.Eyl;0.51;0.25;2.Eyl;0.077;21;45;0.9974;Mar.49;0.96;12.Oca;6
6.Aðu;0.69;0;5.Haz;0.124;21;58;0.9997;Mar.46;0.72;10.Þub;5
6.Aðu;0.69;0;5.Haz;0.124;21;58;0.9997;Mar.46;0.72;10.Þub;5
8.Aðu;0.6;0.29;2.Þub;0.098;5;15;0.9988;Mar.36;0.49;9.Oca;5
8.Aðu;0.6;0.29;2.Þub;0.098;5;15;0.9988;Mar.36;0.49;9.Oca;5
8.Tem;0.54;0.26;2.May;0.097;7;31;0.9976;Mar.27;0.6;9.Mar;6
7.Haz;0.685;0.23;2.Mar;0.111;20;84;0.9964;Mar.21;0.61;9.Mar;5
8.Tem;0.54;0.26;2.May;0.097;7;31;0.9976;Mar.27;0.6;9.Mar;6
10.Nis;0.28;0.54;2.Tem;0.105;5;19;0.9988;Mar.25;0.63;9.May;5
7.Haz;0.41;0.14;3;0.087;21;43;0.9964;Mar.32;0.57;10.May;6
10.Oca;0.935;0.22;3.Nis;0.105;11;86;1.001;Mar.43;0.64;11.Mar;4
7.Eyl;0.35;0.21;1.Eyl;0.073;46;102;0.9964;Mar.27;0.58;9.May;5
8.Tem;0.84;0;1.Nis;0.065;24;33;0.9954;Mar.27;0.55;9.Tem;5
9.Haz;0.88;0.28;2.Nis;0.086;30;147;0.9979;Mar.24;0.53;9.Nis;5
9.May;0.885;0.27;2.Mar;0.084;31;145;0.9978;Mar.24;0.53;9.Nis;5
7.Tem;0.915;0.12;2.Þub;0.143;7;23;0.9964;Mar.35;0.65;10.Þub;7
8.Eyl;0.29;0.35;1.Eyl;0.067;25;57;0.997;Mar.18;Oca.36;10.Mar;6
9.Eyl;0.54;0.45;2.Mar;0.071;16;40;0.9991;Mar.39;0.62;9.Nis;5
9.May;0.59;0.44;2.Mar;0.071;21;68;0.9992;Mar.46;0.63;9.May;5
9.Eyl;0.54;0.45;2.Mar;0.071;16;40;0.9991;Mar.39;0.62;9.Nis;5
9.May;0.59;0.44;2.Mar;0.071;21;68;0.9992;Mar.46;0.63;9.May;5
9.Eyl;0.54;0.45;2.Mar;0.071;16;40;0.9991;Mar.39;0.62;9.Nis;5
7.Aðu;0.64;0.1;6;0.115;5;11;0.9984;Mar.37;0.69;10.Oca;7
7.Mar;0.67;0.05;3.Haz;0.107;6;20;0.9972;3.Nis;0.63;10.Oca;5
8.Mar;0.845;0.01;2.Þub;0.07;5;14;0.9967;Mar.32;0.58;11;4
8.Tem;0.48;0.3;2.Aðu;0.066;10;28;0.9964;Mar.33;0.67;11.Þub;7
6.Tem;0.42;0.27;8.Haz;0.068;24;148;0.9948;Mar.16;0.57;11.Mar;6
10.Tem;0.43;0.39;2.Þub;0.106;8;32;0.9986;Þub.89;0.5;9.Haz;5
9.Aðu;0.88;0.25;2.May;0.104;35;155;1.001;Mar.41;0.67;11.Þub;5
15.Eyl;0.36;0.65;7.May;0.096;22;71;0.9976;Þub.98;0.84;14.Eyl;5
9.Nis;0.33;0.59;2.Aðu;0.079;9;30;0.9976;3.Ara;0.54;12;6
8.Haz;0.47;0.47;2.Nis;0.074;7;29;0.9979;3.Aðu;0.46;9.May;5
9.Tem;0.55;0.17;2.Eyl;0.087;20;53;10.004;Mar.14;0.61;9.Nis;5
10.Tem;0.43;0.39;2.Þub;0.106;8;32;0.9986;Þub.89;0.5;9.Haz;5
12;0.5;0.59;1.Nis;0.073;23;42;0.998;Þub.92;0.68;10.May;7
7.Þub;0.52;0.07;1.Nis;0.074;5;20;0.9973;Mar.32;0.81;9.Haz;6
7.Oca;0.84;0.02;4.Nis;0.096;5;13;0.997;Mar.41;0.57;11;4
7.Þub;0.52;0.07;1.Nis;0.074;5;20;0.9973;Mar.32;0.81;9.Haz;6
7.May;0.42;0.31;1.Haz;0.08;15;42;0.9978;Mar.31;0.64;9;5
7.Þub;0.57;0.06;1.Haz;0.076;9;27;0.9972;Mar.36;0.7;9.Haz;6
10.Oca;0.28;0.46;1.Aðu;0.05;5;13;0.9974;3.Nis;0.79;10.Þub;6
12.Oca;0.4;0.52;2;0.092;15;54;1;3.Mar;0.66;10.Þub;5
9.Nis;0.59;0.14;2;0.084;25;48;0.9981;Mar.14;0.56;9.Tem;5
8.Mar;0.49;0.36;1.Aðu;0.222;6;16;0.998;Mar.18;0.6;9.May;6
11.Mar;0.34;0.45;2;0.082;6;15;0.9988;Þub.94;0.66;9.Þub;6
10;0.73;0.43;2.Mar;0.059;15;31;0.9966;Mar.15;0.57;11;5
11.Mar;0.34;0.45;2;0.082;6;15;0.9988;Þub.94;0.66;9.Þub;6
6.Eyl;0.4;0.24;2.May;0.083;30;45;0.9959;Mar.26;0.58;10;5
8.Þub;0.73;0.21;1.Tem;0.074;5;13;0.9968;3.Þub;0.52;9.May;5
9.Aðu;Oca.24;0.34;2;0.079;32;151;0.998;Mar.15;0.53;9.May;5
8.Þub;0.73;0.21;1.Tem;0.074;5;13;0.9968;3.Þub;0.52;9.May;5
10.Aðu;0.4;0.41;2.Þub;0.084;7;17;0.9984;3.Aðu;0.67;9.Mar;6
9.Mar;0.41;0.39;2.Þub;0.064;12;31;0.9984;Mar.26;0.65;10.Þub;5
10.Aðu;0.4;0.41;2.Þub;0.084;7;17;0.9984;3.Aðu;0.67;9.Mar;6
8.Haz;0.8;0.11;2.Mar;0.084;12;31;0.9979;3.Nis;0.48;9.Eyl;5
8.Mar;0.78;0.1;2.Haz;0.081;45;87;0.9983;Mar.48;0.53;10;5
10.Aðu;0.26;0.45;3.Mar;0.06;20;49;0.9972;Mar.13;0.54;9.Haz;5
13.Mar;0.43;0.58;1.Eyl;0.07;15;40;10.004;3.Haz;0.49;9;5
8;0.45;0.23;2.Þub;0.094;16;29;0.9962;Mar.21;0.49;10.Þub;6
8.May;0.46;0.31;Þub.25;0.078;32;58;0.998;Mar.33;0.54;9.Aðu;5
8.Oca;0.78;0.23;2.Haz;0.059;5;15;0.997;Mar.37;0.56;11.Mar;5
9.Aðu;0.98;0.32;2.Mar;0.078;35;152;0.998;Mar.25;0.48;9.Nis;5
8.Oca;0.78;0.23;2.Haz;0.059;5;15;0.997;Mar.37;0.56;11.Mar;5
7.Oca;0.65;0.18;1.Aðu;0.07;13;40;0.997;Mar.44;0.6;9.Oca;5
9.Oca;0.64;0.23;3.Oca;0.095;13;38;0.9998;Mar.28;0.59;9.Tem;5
7.Tem;0.66;0.04;1.Haz;0.039;4;9;0.9962;3.Nis;0.47;9.Nis;5
8.Oca;0.38;0.48;1.Aðu;0.157;5;17;0.9976;3.Mar;1.May;9.Nis;5
7.Nis;1.185;0;Nis.25;0.097;5;14;0.9966;Mar.63;0.54;10.Tem;3
9.Þub;0.92;0.24;2.Haz;0.087;12;93;0.9998;Mar.48;0.54;9.Aðu;5
8.Haz;0.49;0.51;2;0.422;16;62;0.9979;3.Mar;Oca.17;9;5
9;0.48;0.32;2.Aðu;0.084;21;122;0.9984;Mar.32;0.62;9.Nis;5
9;0.47;0.31;2.Tem;0.084;24;125;0.9984;Mar.31;0.61;9.Nis;5
5.Oca;0.47;0.02;1.Mar;0.034;18;44;0.9921;3.Eyl;0.62;12.Aðu;6
7;0.65;0.02;2.Oca;0.066;8;25;0.9972;Mar.47;0.67;9.May;6
7;0.65;0.02;2.Oca;0.066;8;25;0.9972;Mar.47;0.67;9.May;6
9.Nis;0.615;0.28;3.Þub;0.087;18;72;10.001;Mar.31;0.53;9.Tem;5
11.Aðu;0.38;0.55;2.Oca;0.071;5;19;0.9986;3.Kas;0.62;10.Aðu;6
10.Haz;1.Þub;0.43;2.Eyl;0.076;26;88;0.9984;3.Aðu;0.57;10.Oca;6
7;0.65;0.02;2.Oca;0.066;8;25;0.9972;Mar.47;0.67;9.May;6
7;0.64;0.02;2.Oca;0.067;9;23;0.997;Mar.47;0.67;9.Nis;6
7.May;0.38;0.48;2.Haz;0.073;22;84;0.9972;Mar.32;0.7;9.Haz;4
9.Oca;0.765;0.04;1.Haz;0.078;4;14;0.998;Mar.29;0.54;9.Tem;4
8.Nis;1.035;0.15;6;0.073;11;54;0.999;Mar.37;0.49;9.Eyl;5
7;0.78;0.08;2;0.093;10;19;0.9956;3.Nis;0.47;10;5
7.Nis;0.49;0.19;3;0.077;16;37;0.9966;Mar.37;0.51;10.May;5
7.Aðu;0.545;0.12;2.May;0.068;11;35;0.996;Mar.34;0.61;11.Haz;6
9.Tem;0.31;0.47;1.Haz;0.062;13;33;0.9983;Mar.27;0.66;10;6
10.Haz;1.025;0.43;2.Aðu;0.08;21;84;0.9985;3.Haz;0.57;10.Oca;5
8.Eyl;0.565;0.34;3;0.093;16;112;0.9998;Mar.38;0.61;9.May;5
8.Tem;0.69;0;3.Þub;0.084;13;33;0.9992;Mar.36;0.45;9.Nis;5
8;0.43;0.36;2.Mar;0.075;10;48;0.9976;Mar.34;0.46;9.Nis;5
9.Eyl;0.74;0.28;2.Haz;0.078;21;77;0.998;Mar.28;0.51;9.Aðu;5
7.Þub;0.49;0.18;2.Tem;0.069;13;34;0.9967;Mar.29;0.48;9.Þub;6
8;0.43;0.36;2.Mar;0.075;10;48;0.9976;Mar.34;0.46;9.Nis;5
7.Haz;0.46;0.11;2.Haz;0.079;12;49;0.9968;Mar.21;0.57;10;5
8.Nis;0.56;0.04;2;0.082;10;22;0.9976;Mar.22;0.44;9.Haz;5
7.Oca;0.66;0;3.Eyl;0.086;17;45;0.9976;Mar.46;0.54;9.May;5
8.Nis;0.56;0.04;2;0.082;10;22;0.9976;Mar.22;0.44;9.Haz;5
8.Eyl;0.48;0.24;Þub.85;0.094;35;106;0.9982;3.Oca;0.53;9.Þub;5
7.Haz;0.42;0.08;2.Tem;0.084;15;48;0.9968;Mar.21;0.59;10;5
7.Oca;0.31;0.3;2.Þub;0.053;36;127;0.9965;Þub.94;Oca.62;9.May;5
7.May;1.115;0.1;3.Oca;0.086;5;12;0.9958;Mar.54;0.6;11.Þub;4
9;0.66;0.17;3;0.077;5;13;0.9976;Mar.29;0.55;10.Nis;5
8.Oca;0.72;0.09;2.Aðu;0.084;18;49;0.9994;Mar.43;0.72;11.Oca;6
6.Nis;0.57;0.02;1.Aðu;0.067;4;11;0.997;Mar.46;0.68;9.May;5
6.Nis;0.57;0.02;1.Aðu;0.067;4;11;0.997;Mar.46;0.68;9.May;5
6.Nis;0.865;0.03;3.Þub;0.071;27;58;0.995;Mar.61;0.49;12.Tem;6
9.May;0.55;0.66;2.Mar;0.387;12;37;0.9982;Mar.17;0.67;9.Haz;5
8.Eyl;0.875;0.13;Mar.45;0.088;4;14;0.9994;Mar.44;0.52;11.May;5
7.Mar;0.835;0.03;2.Oca;0.092;10;19;0.9966;Mar.39;0.47;9.Haz;5
7;0.45;0.34;2.Tem;0.082;16;72;0.998;Mar.55;0.6;9.May;5
7.Tem;0.56;0.2;2;0.075;9;39;0.9987;Mar.48;0.62;9.Mar;5
7.Tem;0.965;0.1;2.Oca;0.112;11;22;0.9963;Mar.26;0.5;9.May;5
7.Tem;0.965;0.1;2.Oca;0.112;11;22;0.9963;Mar.26;0.5;9.May;5
8.Þub;0.59;0;2.May;0.093;19;58;10.002;3.May;0.65;9.Mar;6
9;0.46;0.23;2.Aðu;0.092;28;104;0.9983;3.Oca;0.56;9.Þub;5
9;0.69;0;2.Nis;0.088;19;38;0.999;Mar.35;0.6;9.Mar;5
8.Mar;0.76;0.29;4.Þub;0.075;12;16;0.9965;Mar.45;0.68;11.May;6
9.Þub;0.53;0.24;2.Haz;0.078;28;139;0.99788;Mar.21;0.57;9.May;5
6.May;0.615;0;1.Eyl;0.065;9;18;0.9972;Mar.46;0.65;9.Þub;5
11.Haz;0.41;0.58;2.Aðu;0.096;25;101;100.024;Mar.13;0.53;10;5
11.Oca;0.39;0.54;2.Tem;0.095;21;101;10.001;Mar.13;0.51;9.May;5
7.Mar;0.51;0.18;2.Oca;0.07;12;28;0.99768;Mar.52;0.73;9.May;6
8.Þub;0.34;0.38;2.May;0.08;12;57;0.9978;3.Mar;0.47;9;6
8.Haz;0.33;0.4;2.Haz;0.083;16;68;0.99782;3.Mar;0.48;9.Nis;5
7.Þub;0.5;0.18;2.Oca;0.071;12;31;0.99761;Mar.52;0.72;9.Haz;6
7.Mar;0.51;0.18;2.Oca;0.07;12;28;0.99768;Mar.52;0.73;9.May;6
8.Mar;0.65;0.1;2.Eyl;0.089;17;40;0.99803;Mar.29;0.55;9.May;5
8.Mar;0.65;0.1;2.Eyl;0.089;17;40;0.99803;Mar.29;0.55;9.May;5
7.Haz;0.54;0.13;2.May;0.097;24;66;0.99785;Mar.39;0.61;9.Nis;5
8.Mar;0.65;0.1;2.Eyl;0.089;17;40;0.99803;Mar.29;0.55;9.May;5
7.Aðu;0.48;0.68;1.Tem;0.415;14;32;0.99656;3.Eyl;1.Haz;9.Oca;6
7.Aðu;0.91;0.07;1.Eyl;0.058;22;47;0.99525;Mar.51;0.43;10.Tem;6
6.Mar;0.98;0.01;2;0.057;15;33;0.99488;3.Haz;0.46;11.Þub;6
8.Oca;0.87;0;2.Þub;0.084;10;31;0.99656;Mar.25;0.5;9.Aðu;5
8.Oca;0.87;0;2.Þub;0.084;10;31;0.99656;Mar.25;0.5;9.Aðu;5
8.Aðu;0.42;0.21;2.May;0.092;33;88;0.99823;Mar.19;0.52;9.Þub;5
9;0.58;0.25;2.Aðu;0.075;9;104;0.99779;Mar.23;0.57;9.Tem;5
9.Mar;0.655;0.26;2;0.096;5;35;0.99738;Mar.25;0.42;9.Haz;5
8.Aðu;0.7;0;1.Tem;0.069;8;19;0.99701;Mar.31;0.53;10;6
9.Mar;0.655;0.26;2;0.096;5;35;0.99738;Mar.25;0.42;9.Haz;5
9.Oca;0.68;0.11;2.Aðu;0.093;11;44;0.99888;Mar.31;0.55;9.May;6
9.Þub;0.67;0.1;3;0.091;12;48;0.99888;Mar.31;0.54;9.May;6
8.Aðu;0.59;0.18;2.Eyl;0.089;12;74;0.99738;Mar.14;0.54;9.Nis;5
7.May;0.6;0.32;2.Tem;0.103;13;98;0.99938;Mar.45;0.62;9.May;5
7.Oca;0.59;0.02;2.Mar;0.082;24;94;0.99744;Mar.55;0.53;9.Tem;6
7.Eyl;0.72;0.01;1.Eyl;0.076;7;32;0.99668;Mar.39;0.54;9.Haz;5
7.Oca;0.59;0.02;2.Mar;0.082;24;94;0.99744;Mar.55;0.53;9.Tem;6
9.Nis;0.685;0.26;2.Nis;0.082;23;143;0.9978;Mar.28;0.55;9.Nis;5
9.May;0.57;0.27;2.Mar;0.082;23;144;0.99782;Mar.27;0.55;9.Nis;5
7.Eyl;0.4;0.29;1.Aðu;0.157;1;44;0.9973;3.Mar;0.92;9.May;6
7.Eyl;0.4;0.3;1.Aðu;0.157;2;45;0.99727;Mar.31;0.91;9.May;6
7.Þub;1;0;3;0.102;7;16;0.99586;Mar.43;0.46;10;5
6.Eyl;0.765;0.18;2.Nis;0.243;5.May;48;0.99612;3.Nis;0.6;10.Mar;6
6.Eyl;0.635;0.17;2.Nis;0.241;6;18;0.9961;3.Nis;0.59;10.Mar;6
8.Mar;0.43;0.3;3.Nis;0.079;7;34;0.99788;Mar.36;0.61;10.May;5
7.Oca;0.52;0.03;2.Haz;0.076;21;92;0.99745;3.May;0.6;9.Aðu;5
7;0.57;0;2;0.19;12;45;0.99676;Mar.31;0.6;9.Nis;6
6.May;0.46;0.14;2.Nis;0.114;9;37;0.99732;Mar.66;0.65;9.Aðu;5
9;0.82;0.05;2.Nis;0.081;26;96;0.99814;Mar.36;0.53;10;5
6.May;0.46;0.14;2.Nis;0.114;9;37;0.99732;Mar.66;0.65;9.Aðu;5
7.Oca;0.59;0.01;2.May;0.077;20;85;0.99746;Mar.55;0.59;9.Aðu;5
9.Eyl;0.35;0.41;2.Mar;0.083;11;61;0.9982;Mar.21;0.5;9.May;5
9.Eyl;0.35;0.41;2.Mar;0.083;11;61;0.9982;Mar.21;0.5;9.May;5
10;0.56;0.24;2.Þub;0.079;19;58;0.9991;Mar.18;0.56;10.Oca;6
10;0.56;0.24;2.Þub;0.079;19;58;0.9991;Mar.18;0.56;10.Oca;6
8.Haz;0.63;0.17;2.Eyl;0.099;21;119;0.998;3.Eyl;0.52;9.Mar;5
7.Nis;0.37;0.43;2.Haz;0.082;18;82;0.99708;Mar.33;0.68;9.Tem;6
8.Aðu;0.64;0.17;2.Eyl;0.084;25;130;0.99818;Mar.23;0.54;9.Haz;5
7.Oca;0.61;0.02;2.May;0.081;17;87;0.99745;Mar.48;0.6;9.Tem;6
7.Tem;0.6;0;2.Haz;0.055;7;13;0.99639;Mar.38;0.56;10.Aðu;5
10.Oca;0.27;0.54;2.Mar;0.065;7;26;0.99531;Mar.17;0.53;12.May;6
10.Aðu;0.89;0.3;2.Haz;0.132;7;60;0.99786;Þub.99;Oca.18;10.Þub;5
8.Tem;0.46;0.31;2.May;0.126;24;64;0.99746;3.Oca;0.74;9.Haz;5
9.Mar;0.37;0.44;1.Haz;0.038;21;42;0.99526;Mar.24;0.81;10.Aðu;7
9.Nis;0.5;0.34;3.Haz;0.082;5;14;0.9987;Mar.29;0.52;10.Tem;6
9.Nis;0.5;0.34;3.Haz;0.082;5;14;0.9987;Mar.29;0.52;10.Tem;6
7.Þub;0.61;0.08;4;0.082;26;108;0.99641;Mar.25;0.51;9.Nis;5
8.Haz;0.55;0.09;3.Mar;0.068;8;17;0.99735;Mar.23;0.44;10;5
5.Oca;0.585;0;1.Tem;0.044;14;86;0.99264;Mar.56;0.94;12.Eyl;7
7.Tem;0.56;0.08;2.May;0.114;14;46;0.9971;Mar.24;0.66;9.Haz;6
8.Nis;0.52;0.22;2.Tem;0.084;4;18;0.99682;Mar.26;0.57;9.Eyl;6
8.Þub;0.28;0.4;2.Nis;0.052;4;10;0.99356;Mar.33;0.7;12.Aðu;7
8.Nis;0.25;0.39;2;0.041;4;10;0.99386;Mar.27;0.71;12.May;7
8.Þub;0.28;0.4;2.Nis;0.052;4;10;0.99356;Mar.33;0.7;12.Aðu;7
7.Nis;0.53;0.12;1.Eyl;0.165;4;12;0.99702;Mar.26;0.86;9.Þub;5
7.Haz;0.48;0.31;2.Aðu;0.07;4;15;0.99693;Mar.22;0.55;10.Mar;6
7.Mar;0.49;0.1;2.Haz;0.068;4;14;0.99562;3.Mar;0.47;10.May;5
12.Eyl;0.5;0.55;2.Aðu;0.072;7;24;100.012;3.Eyl;0.68;10.Eyl;6
10.Aðu;0.45;0.33;2.May;0.099;20;38;0.99818;Mar.24;0.71;10.Aðu;5
6.Eyl;0.39;0.24;2.Oca;0.102;4;7;0.99462;Mar.44;0.58;11.Nis;4
12.Haz;0.41;0.54;2.Aðu;0.103;19;41;0.99939;Mar.21;0.76;11.Mar;6
10.Aðu;0.45;0.33;2.May;0.099;20;38;0.99818;Mar.24;0.71;10.Aðu;5
9.Aðu;0.51;0.19;3.Þub;0.081;8;30;0.9984;Mar.23;0.58;10.May;6
10.Aðu;0.29;0.42;1.Haz;0.084;19;27;0.99545;Mar.28;0.73;11.Eyl;6
7.Oca;0.715;0;Þub.35;0.071;21;47;0.99632;Mar.29;0.45;9.Nis;5
9.Oca;0.66;0.15;3.Þub;0.097;9;59;0.99976;Mar.28;0.54;9.Haz;5
7;0.685;0;1.Eyl;0.099;9;22;0.99606;Mar.34;0.6;9.Tem;5
4.Eyl;0.42;0;2.Oca;0.048;16;42;0.99154;Mar.71;0.74;14;7
6.Tem;0.54;0.13;2;0.076;15;36;0.9973;Mar.61;0.64;9.Aðu;5
6.Tem;0.54;0.13;2;0.076;15;36;0.9973;Mar.61;0.64;9.Aðu;5
7.Oca;0.48;0.28;2.Aðu;0.068;6;16;0.99682;Mar.24;0.53;10.Mar;5
7.Oca;0.46;0.14;2.Aðu;0.076;15;37;0.99624;Mar.36;0.49;10.Tem;5
7.May;0.27;0.34;2.Mar;0.05;4;8;0.9951;3.Nis;0.64;11;7
7.Oca;0.46;0.14;2.Aðu;0.076;15;37;0.99624;Mar.36;0.49;10.Tem;5
7.Aðu;0.57;0.09;2.Mar;0.065;34;45;0.99417;Mar.46;0.74;12.Tem;8
5.Eyl;0.61;0.08;2.Oca;0.071;16;24;0.99376;Mar.56;0.77;11.Oca;6
7.May;0.685;0.07;2.May;0.058;5;9;0.99632;Mar.38;0.55;10.Eyl;4
5.Eyl;0.61;0.08;2.Oca;0.071;16;24;0.99376;Mar.56;0.77;11.Oca;6
10.Nis;0.44;0.42;1.May;0.145;34;48;0.99832;Mar.38;0.86;9.Eyl;3
11.Haz;0.47;0.44;1.Haz;0.147;36;51;0.99836;Mar.38;0.86;9.Eyl;4
8.Aðu;0.685;0.26;1.Haz;0.088;16;23;0.99694;Mar.32;0.47;9.Nis;5
7.Haz;0.665;0.1;1.May;0.066;27;55;0.99655;Mar.39;0.51;9.Mar;5
6.Tem;0.28;0.28;2.Nis;0.012;36;100;0.99064;Mar.26;0.39;11.Tem;7
6.Tem;0.28;0.28;2.Nis;0.012;36;100;0.99064;Mar.26;0.39;11.Tem;7
10.Oca;0.31;0.35;1.Haz;0.075;9;28;0.99672;Mar.24;0.83;11.Þub;7
6;0.5;0.04;2.Þub;0.092;13;26;0.99647;Mar.46;0.47;10;5
11.Oca;0.42;0.47;Þub.65;0.085;9;34;0.99736;Mar.24;0.77;12.Oca;7
6.Haz;0.66;0;3;0.115;21;31;0.99629;Mar.45;0.63;10.Mar;5
10.Haz;0.5;0.45;2.Haz;0.119;34;68;0.99708;Mar.23;0.72;10.Eyl;6
7.Oca;0.685;0.35;2;0.088;9;92;0.9963;Mar.28;0.62;9.Nis;5
9.Eyl;0.25;0.46;1.Tem;0.062;26;42;0.9959;Mar.18;0.83;10.Haz;6
6.Nis;0.64;0.21;1.Aðu;0.081;14;31;0.99689;Mar.59;0.66;9.Aðu;5
6.Nis;0.64;0.21;1.Aðu;0.081;14;31;0.99689;Mar.59;0.66;9.Aðu;5
7.Nis;0.68;0.16;1.Aðu;0.078;12;39;0.9977;3.May;0.7;9.Eyl;6
6.Nis;0.64;0.21;1.Aðu;0.081;14;31;0.99689;Mar.59;0.66;9.Aðu;5
6.Nis;0.63;0.21;1.Haz;0.08;12;32;0.99689;Mar.58;0.66;9.Aðu;5
9.Mar;0.43;0.44;1.Eyl;0.085;9;22;0.99708;Mar.28;0.55;9.May;5
9.Mar;0.43;0.44;1.Eyl;0.085;9;22;0.99708;Mar.28;0.55;9.May;5
8;0.42;0.32;2.May;0.08;26;122;0.99801;Mar.22;1.Tem;9.Tem;5
9.Mar;0.36;0.39;1.May;0.08;41;55;0.99652;Mar.47;0.73;10.Eyl;6
9.Mar;0.36;0.39;1.May;0.08;41;55;0.99652;Mar.47;0.73;10.Eyl;6
7.Haz;0.735;0.02;2.May;0.071;10;14;0.99538;Mar.51;0.71;11.Tem;7
9.Mar;0.36;0.39;1.May;0.08;41;55;0.99652;Mar.47;0.73;10.Eyl;6
8.Þub;0.26;0.34;2.May;0.073;16;47;0.99594;3.Nis;0.78;11.Mar;7
11.Tem;0.28;0.47;1.Tem;0.054;17;32;0.99686;Mar.15;0.67;10.Haz;7
6.Aðu;0.56;0.22;1.Aðu;0.074;15;24;0.99438;3.Nis;0.82;11.Þub;6
7.Þub;0.62;0.06;2.Tem;0.077;15;85;0.99746;Mar.51;0.54;9.May;5
5.Aðu;1.Oca;0.66;2;0.039;15;88;0.99357;Mar.66;0.6;11.May;6
7.May;0.42;0.32;2.Tem;0.067;7;25;0.99628;Mar.24;0.44;10.Nis;5
7.Þub;0.62;0.06;2.May;0.078;17;84;0.99746;Mar.51;0.53;9.Tem;5
7.Þub;0.62;0.06;2.Tem;0.077;15;85;0.99746;Mar.51;0.54;9.May;5
7.Þub;0.635;0.07;2.Haz;0.077;16;86;0.99748;Mar.51;0.54;9.Tem;5
6.Aðu;0.49;0.22;2.Mar;0.071;13;24;0.99438;Mar.41;0.83;11.Mar;6
6.Eyl;0.51;0.23;2;0.072;13;22;0.99438;3.Nis;0.84;11.Þub;6
6.Aðu;0.56;0.22;1.Aðu;0.074;15;24;0.99438;3.Nis;0.82;11.Þub;6
7.Haz;0.63;0.03;2;0.08;27;43;0.99578;Mar.44;0.64;10.Eyl;6
7.Tem;0.715;0.01;2.Oca;0.064;31;43;0.99371;Mar.41;0.57;11.Aðu;6
6.Eyl;0.56;0.03;1.May;0.086;36;46;0.99522;Mar.53;0.57;10.Haz;5
7.Mar;0.35;0.24;2;0.067;28;48;0.99576;Mar.43;0.54;10;4
9.Oca;0.21;0.37;1.Haz;0.067;6;10;0.99552;Mar.23;0.58;11.Oca;7
10.Nis;0.38;0.46;2.Oca;0.104;6;10;0.99664;3.Ara;0.65;11.Aðu;7
8.Aðu;0.31;0.4;2.Aðu;0.109;7;16;0.99614;Mar.31;0.79;11.Aðu;7
7.Oca;0.47;0;2.Þub;0.067;7;14;0.99517;3.Nis;0.58;10.Eyl;4
7.Tem;0.715;0.01;2.Oca;0.064;31;43;0.99371;Mar.41;0.57;11.Aðu;6
8.Aðu;0.61;0.19;4;0.094;30;69;0.99787;Mar.22;0.5;10;6
7.Þub;0.6;0.04;2.May;0.076;18;88;0.99745;Mar.53;0.55;9.May;5
9.Þub;0.56;0.18;1.Haz;0.078;10;21;0.99576;Mar.15;0.49;9.Eyl;5
7.Haz;0.715;0;2.Oca;0.068;30;35;0.99533;Mar.48;0.65;11.Nis;6
8.Nis;0.31;0.29;3.Oca;0.194;14;26;0.99536;Mar.22;0.78;12;6
7.Þub;0.6;0.04;2.May;0.076;18;88;0.99745;Mar.53;0.55;9.May;5
8.Aðu;0.61;0.19;4;0.094;30;69;0.99787;Mar.22;0.5;10;6
8.Eyl;0.75;0.14;2.May;0.086;9;30;0.99824;Mar.34;0.64;10.May;5
9;0.8;0.12;2.Nis;0.083;8;28;0.99836;Mar.33;0.65;10.Nis;6
10.Tem;0.52;0.38;2.Haz;0.066;29;56;0.99577;Mar.15;0.79;12.Oca;7
6.Aðu;0.57;0;2.May;0.072;32;64;0.99491;Mar.43;0.56;11.Þub;6
10.Tem;0.9;0.34;6.Haz;0.112;23;99;100.289;Mar.22;0.68;9.Mar;5
7.Þub;0.34;0.24;2;0.071;30;52;0.99576;Mar.44;0.58;10.Oca;5
7.Þub;0.66;0.03;2.Mar;0.078;16;86;0.99743;Mar.53;0.57;9.Tem;5
10.Oca;0.45;0.23;1.Eyl;0.082;10;18;0.99774;Mar.22;0.65;9.Mar;6
7.Þub;0.66;0.03;2.Mar;0.078;16;86;0.99743;Mar.53;0.57;9.Tem;5
7.Þub;0.63;0.03;2.Þub;0.08;17;88;0.99745;Mar.53;0.58;9.Aðu;6
7.Oca;0.59;0.01;2.Mar;0.08;27;43;0.9955;Mar.42;0.58;10.Tem;6
8.Mar;0.31;0.39;2.Nis;0.078;17;43;0.99444;Mar.31;0.77;12.May;7
7.Oca;0.59;0.01;2.Mar;0.08;27;43;0.9955;Mar.42;0.58;10.Tem;6
8.Mar;0.31;0.39;2.Nis;0.078;17;43;0.99444;Mar.31;0.77;12.May;7
8.Mar;1.Þub;0.02;3.Nis;0.084;6;11;0.99892;Mar.48;0.49;11;3
8.Eyl;0.31;0.36;2.Haz;0.056;10;39;0.99562;3.Nis;0.69;11.Aðu;5
7.Nis;0.635;0.1;2.Nis;0.08;16;33;0.99736;Mar.58;0.69;10.Aðu;7
7.Nis;0.635;0.1;2.Nis;0.08;16;33;0.99736;Mar.58;0.69;10.Aðu;7
6.Aðu;0.59;0.06;6;0.06;11;18;0.9962;Mar.41;0.59;10.Aðu;7
6.Aðu;0.59;0.06;6;0.06;11;18;0.9962;Mar.41;0.59;10.Aðu;7
9.Þub;0.58;0.2;3;0.081;15;115;0.998;Mar.23;0.59;9.May;5
7.Þub;0.54;0.27;2.Haz;0.084;12;78;0.9964;Mar.39;0.71;11;5
6.Oca;0.56;0;2.Þub;0.079;6;9;0.9948;Mar.59;0.54;11.May;6
7.Nis;0.52;0.13;2.Nis;0.078;34;61;0.99528;Mar.43;0.59;10.Aðu;6
7.Mar;0.305;0.39;1.Þub;0.059;7;11;0.99331;Mar.29;0.52;11.May;6
9.Mar;0.38;0.48;3.Aðu;0.132;3;11;0.99577;Mar.23;0.57;13.Þub;6
9.Oca;0.28;0.46;9;0.114;3;9;0.99901;Mar.18;0.6;10.Eyl;6
10;0.46;0.44;2.Eyl;0.065;4;8;0.99674;Mar.33;0.62;12.Þub;6
9.Nis;0.395;0.46;4.Haz;0.094;3;10;0.99639;Mar.27;0.64;12.Þub;7
7.Mar;0.305;0.39;1.Þub;0.059;7;11;0.99331;Mar.29;0.52;11.May;6
8.Haz;0.315;0.4;2.Þub;0.079;3;6;0.99512;Mar.27;0.67;11.Eyl;6
5.Mar;0.715;0.19;1.May;0.161;7;62;0.99395;Mar.62;0.61;11;5
6.Aðu;0.41;0.31;8.Aðu;0.084;26;45;0.99824;Mar.38;0.64;10.Oca;6
8.Nis;0.36;0.32;2.Þub;0.081;32;79;0.9964;3.Mar;0.72;11;6
8.Nis;0.62;0.12;1.Aðu;0.072;38;46;0.99504;Mar.38;0.89;11.Aðu;6
9.Haz;0.41;0.37;2.Mar;0.091;10;23;0.99786;Mar.24;0.56;10.May;5
8.Nis;0.36;0.32;2.Þub;0.081;32;79;0.9964;3.Mar;0.72;11;6
8.Nis;0.62;0.12;1.Aðu;0.072;38;46;0.99504;Mar.38;0.89;11.Aðu;6
6.Aðu;0.41;0.31;8.Aðu;0.084;26;45;0.99824;Mar.38;0.64;10.Oca;6
8.Haz;0.47;0.27;2.Mar;0.055;14;28;0.99516;Mar.18;0.8;11.Þub;5
8.Haz;0.22;0.36;1.Eyl;0.064;53;77;0.99604;Mar.47;0.87;11;7
9.Nis;0.24;0.33;2.Mar;0.061;52;73;0.99786;Mar.47;0.9;10.Þub;6
8.Nis;0.67;0.19;2.Þub;0.093;11;75;0.99736;3.Þub;0.59;9.Þub;4
8.Haz;0.47;0.27;2.Mar;0.055;14;28;0.99516;Mar.18;0.8;11.Þub;5
8.Tem;0.33;0.38;3.Mar;0.063;10;19;0.99468;3.Mar;0.73;12;7
6.Haz;0.61;0.01;1.Eyl;0.08;8;25;0.99746;Mar.69;0.73;10.May;5
7.Nis;0.61;0.01;2;0.074;13;38;0.99748;Mar.48;0.65;9.Aðu;5
7.Haz;0.4;0.29;1.Eyl;0.078;29;66;0.9971;Mar.45;0.59;9.May;6
7.Nis;0.61;0.01;2;0.074;13;38;0.99748;Mar.48;0.65;9.Aðu;5
6.Haz;0.61;0.01;1.Eyl;0.08;8;25;0.99746;Mar.69;0.73;10.May;5
8.Aðu;0.3;0.38;2.Mar;0.06;19;72;0.99543;Mar.39;0.72;11.Aðu;6
8.Aðu;0.3;0.38;2.Mar;0.06;19;72;0.99543;Mar.39;0.72;11.Aðu;6
12;0.63;0.5;1.Nis;0.071;6;26;0.99791;3.Tem;0.6;10.Nis;4
7.Þub;0.38;0.38;2.Aðu;0.068;23;42;0.99356;Mar.34;0.72;12.Eyl;7
6.Þub;0.46;0.17;1.Haz;0.073;7;11;0.99425;Mar.61;0.54;11.Nis;5
9.Haz;0.33;0.52;2.Þub;0.074;13;25;0.99509;Mar.36;0.76;12.Nis;7
9.Eyl;0.27;0.49;5;0.082;9;17;0.99484;Mar.19;0.52;12.May;7
10.Oca;0.43;0.4;2.Haz;0.092;13;52;0.99834;Mar.22;0.64;10;7
9.Aðu;0.5;0.34;2.Mar;0.094;10;45;0.99864;Mar.24;0.6;9.Tem;7
8.Mar;0.3;0.49;3.Aðu;0.09;11;24;0.99498;Mar.27;0.64;12.Oca;7
10.Þub;0.44;0.42;2;0.071;7;20;0.99566;Mar.14;0.79;11.Oca;7
10.Þub;0.44;0.58;4.Oca;0.092;11;24;0.99745;Mar.29;0.99;12;7
8.Mar;0.28;0.48;2.Oca;0.093;6;12;0.99408;Mar.26;0.62;12.Nis;7
8.Eyl;0.12;0.45;1.Aðu;0.075;10;21;0.99552;Mar.41;0.76;11.Eyl;7
8.Eyl;0.12;0.45;1.Aðu;0.075;10;21;0.99552;Mar.41;0.76;11.Eyl;7
8.Eyl;0.12;0.45;1.Aðu;0.075;10;21;0.99552;Mar.41;0.76;11.Eyl;7
8.Mar;0.28;0.48;2.Oca;0.093;6;12;0.99408;Mar.26;0.62;12.Nis;7
8.Þub;0.31;0.4;2.Þub;0.058;6;10;0.99536;Mar.31;0.68;11.Þub;7
10.Þub;0.34;0.48;2.Oca;0.052;5;9;0.99458;3.Þub;0.69;12.Oca;7
7.Haz;0.43;0.4;2.Tem;0.082;6;11;0.99538;Mar.44;0.54;12.Þub;6
8.May;0.21;0.52;1.Eyl;0.09;9;23;0.99648;Mar.36;0.67;10.Nis;5
9;0.36;0.52;2.Oca;0.111;5;10;0.99568;Mar.31;0.62;11.Mar;6
9.May;0.37;0.52;2;0.088;12;51;0.99613;Mar.29;0.58;11.Oca;6
6.Nis;0.57;0.12;2.Mar;0.12;25;36;0.99519;Mar.47;0.71;11.Mar;7
8;0.59;0.05;2;0.089;12;32;0.99735;Mar.36;0.61;10;5
8.May;0.47;0.27;1.Eyl;0.058;18;38;0.99518;Mar.16;0.85;11.Oca;6
7.Oca;0.56;0.14;1.Haz;0.078;7;18;0.99592;Mar.27;0.62;9.Mar;5
6.Haz;0.57;0.02;2.Oca;0.115;6;16;0.99654;Mar.38;0.69;9.May;5
8.Aðu;0.27;0.39;2;0.1;20;27;0.99546;Mar.15;0.69;11.Þub;6
8.May;0.47;0.27;1.Eyl;0.058;18;38;0.99518;Mar.16;0.85;11.Oca;6
8.Mar;0.34;0.4;2.Nis;0.065;24;48;0.99554;Mar.34;0.86;11;6
9;0.38;0.41;2.Nis;0.103;6;10;0.99604;Mar.13;0.58;11.Eyl;7
8.May;0.66;0.2;2.Oca;0.097;23;113;0.99733;Mar.13;0.48;9.Þub;5
9;0.4;0.43;2.Nis;0.068;29;46;0.9943;3.Þub;0.6;12.Þub;6
6.Tem;0.56;0.09;2.Eyl;0.079;7;22;0.99669;Mar.46;0.61;10.Þub;5
10.Nis;0.26;0.48;1.Eyl;0.066;6;10;0.99724;Mar.33;0.87;10.Eyl;6
10.Nis;0.26;0.48;1.Eyl;0.066;6;10;0.99724;Mar.33;0.87;10.Eyl;6
10.Oca;0.38;0.5;2.Nis;0.104;6;13;0.99643;Mar.22;0.65;11.Haz;7
8.May;0.34;0.44;1.Tem;0.079;6;12;0.99605;Mar.52;0.63;10.Tem;5
8.Aðu;0.33;0.41;5.Eyl;0.073;7;13;0.99658;3.Mar;0.62;12.Oca;7
7.Þub;0.41;0.3;2.Oca;0.083;35;72;0.997;Mar.44;0.52;9.Nis;5
7.Þub;0.41;0.3;2.Oca;0.083;35;72;0.997;Mar.44;0.52;9.Nis;5
8.Nis;0.59;0.29;2.Haz;0.109;31;119;0.99801;Mar.15;0.5;9.Oca;5
7;0.4;0.32;3.Haz;0.061;9;29;0.99416;Mar.28;0.49;11.Mar;7
12.Þub;0.45;0.49;1.Nis;0.075;3;6;0.9969;Mar.13;0.63;10.Nis;5
9.Oca;0.5;0.3;1.Eyl;0.065;8;17;0.99774;Mar.32;0.71;10.May;6
9.May;0.86;0.26;1.Eyl;0.079;13;28;0.99712;Mar.25;0.62;10;5
7.Mar;0.52;0.32;2.Oca;0.07;51;70;0.99418;Mar.34;0.82;12.Eyl;6
9.Oca;0.5;0.3;1.Eyl;0.065;8;17;0.99774;Mar.32;0.71;10.May;6
12.Þub;0.45;0.49;1.Nis;0.075;3;6;0.9969;Mar.13;0.63;10.Nis;5
7.Nis;0.58;0;2;0.064;7;11;0.99562;Mar.45;0.58;11.Mar;6
9.Aðu;0.34;0.39;1.Nis;0.066;3;7;0.9947;Mar.19;0.55;11.Nis;7
7.Oca;0.36;0.3;1.Haz;0.08;35;70;0.99693;Mar.44;0.5;9.Nis;5
7.Tem;0.39;0.12;1.Tem;0.097;19;27;0.99596;Mar.16;0.49;9.Nis;5
9.Tem;0.295;0.4;1.May;0.073;14;21;0.99556;Mar.14;0.51;10.Eyl;6
7.Tem;0.39;0.12;1.Tem;0.097;19;27;0.99596;Mar.16;0.49;9.Nis;5
7.Oca;0.34;0.28;2;0.082;31;68;0.99694;Mar.45;0.48;9.Nis;5
6.May;0.4;0.1;2;0.076;30;47;0.99554;Mar.36;0.48;9.Nis;6
7.Oca;0.34;0.28;2;0.082;31;68;0.99694;Mar.45;0.48;9.Nis;5
10;0.35;0.45;2.May;0.092;20;88;0.99918;Mar.15;0.43;9.Nis;5
7.Tem;0.6;0.06;2;0.079;19;41;0.99697;Mar.39;0.62;10.Oca;6
5.Haz;0.66;0;2.Þub;0.087;3;11;0.99378;Mar.71;0.63;12.Aðu;7
5.Haz;0.66;0;2.Þub;0.087;3;11;0.99378;Mar.71;0.63;12.Aðu;7
8.Eyl;0.84;0.34;1.Nis;0.05;4;10;0.99554;3.Ara;0.48;9.Oca;6
6.Nis;0.69;0;Oca.65;0.055;7;12;0.99162;Mar.47;0.53;12.Eyl;6
7.May;0.43;0.3;2.Þub;0.062;6;12;0.99495;Mar.44;0.72;11.May;7
9.Eyl;0.35;0.38;1.May;0.058;31;47;0.99676;Mar.26;0.82;10.Haz;7
9.Oca;0.29;0.33;2.May;0.063;13;27;0.99516;Mar.26;0.84;11.Tem;7
6.Aðu;0.36;0.32;1.Aðu;0.067;4;8;0.9928;Mar.36;0.55;12.Aðu;7
8.Þub;0.43;0.29;1.Haz;0.081;27;45;0.99603;Mar.25;0.54;10.Mar;5
6.Aðu;0.36;0.32;1.Aðu;0.067;4;8;0.9928;Mar.36;0.55;12.Aðu;7
9.Oca;0.29;0.33;2.May;0.063;13;27;0.99516;Mar.26;0.84;11.Tem;7
9.Oca;0.3;0.34;2;0.064;12;25;0.99516;Mar.26;0.84;11.Tem;7
8.Eyl;0.35;0.4;3.Haz;0.11;12;24;0.99549;Mar.23;0.7;12;7
9.Haz;0.5;0.36;2.Aðu;0.116;26;55;0.99722;Mar.18;0.68;10.Eyl;5
8.Eyl;0.28;0.45;1.Tem;0.067;7;12;0.99354;Mar.25;0.55;12.Mar;7
8.Eyl;0.32;0.31;2;0.088;12;19;0.9957;Mar.17;0.55;10.Nis;6
7.Tem;1.005;0.15;2.Oca;0.102;11;32;0.99604;Mar.23;0.48;10;5
7.May;0.71;0;1.Haz;0.092;22;31;0.99635;Mar.38;0.58;10;6
8;0.58;0.16;2;0.12;3;7;0.99454;Mar.22;0.58;11.Þub;6
10.May;0.39;0.46;2.Þub;0.075;14;27;0.99598;3.Haz;0.84;11.Nis;6
8.Eyl;0.38;0.4;2.Þub;0.068;12;28;0.99486;Mar.27;0.75;12.Haz;7
8;0.18;0.37;0.9;0.049;36;109;0.99007;Þub.89;0.44;12.Tem;6
8;0.18;0.37;0.9;0.049;36;109;0.99007;Þub.89;0.44;12.Tem;6
7;0.5;0.14;1.Aðu;0.078;10;23;0.99636;Mar.53;0.61;10.Nis;5
11.Mar;0.36;0.66;2.Nis;0.123;3;8;0.99642;3.Þub;0.53;11.Eyl;6
11.Mar;0.36;0.66;2.Nis;0.123;3;8;0.99642;3.Þub;0.53;11.Eyl;6
7;0.51;0.09;2.Oca;0.062;4;9;0.99584;Mar.35;0.54;10.May;5
8.Þub;0.32;0.42;2.Mar;0.098;3;9;0.99506;Mar.27;0.55;12.Mar;6
7.Tem;0.58;0.01;1.Aðu;0.088;12;18;0.99568;Mar.32;0.56;10.May;7
8.Haz;0.83;0;2.Aðu;0.095;17;43;0.99822;Mar.33;0.6;10.Nis;6
7.Eyl;0.31;0.32;1.Eyl;0.066;14;36;0.99364;Mar.41;0.56;12.Haz;6
6.Nis;0.795;0;2.Þub;0.065;28;52;0.99378;Mar.49;0.52;11.Haz;5
7.Þub;0.34;0.21;2.May;0.075;41;68;0.99586;Mar.37;0.54;10.Oca;6
7.Tem;0.58;0.01;1.Aðu;0.088;12;18;0.99568;Mar.32;0.56;10.May;7
7.Oca;0.59;0;2.Oca;0.091;9;14;0.99488;Mar.42;0.55;11.May;7
7.Mar;0.55;0.01;1.Aðu;0.093;9;15;0.99514;Mar.35;0.58;11;7
8.Oca;0.82;0;4.Oca;0.095;5;14;0.99854;Mar.36;0.53;9.Haz;5
7.May;0.57;0.08;2.Haz;0.089;14;27;0.99592;3.Mar;0.59;10.Nis;6
8.Eyl;0.745;0.18;2.May;0.077;15;48;0.99739;3.Þub;0.47;9.Tem;6
10.Oca;0.37;0.34;2.Nis;0.085;5;17;0.99683;Mar.17;0.65;10.Haz;7
7.Haz;0.31;0.34;2.May;0.082;26;35;0.99356;Mar.22;0.59;12.May;7
7.Mar;0.91;0.1;1.Aðu;0.074;20;56;0.99672;Mar.35;0.56;9.Þub;5
8.Tem;0.41;0.41;6.Þub;0.078;25;42;0.9953;Mar.24;0.77;12.Haz;7
8.Eyl;0.5;0.21;2.Þub;0.088;21;39;0.99692;Mar.33;0.83;11.Oca;6
7.Nis;0.965;0;2.Þub;0.088;16;32;0.99756;Mar.58;0.67;10.Þub;5
6.Eyl;0.49;0.19;1.Tem;0.079;13;26;0.99547;Mar.38;0.64;9.Aðu;6
8.Eyl;0.5;0.21;2.Þub;0.088;21;39;0.99692;Mar.33;0.83;11.Oca;6
9.May;0.39;0.41;8.Eyl;0.069;18;39;0.99859;Mar.29;0.81;10.Eyl;7
6.Nis;0.39;0.33;3.Mar;0.046;12;53;0.99294;Mar.36;0.62;12.Þub;6
6.Eyl;0.44;0;1.Nis;0.07;32;38;0.99438;Mar.32;0.58;11.Nis;6
7.Haz;0.78;0;1.Tem;0.076;33;45;0.99612;Mar.31;0.62;10.Tem;6
7.Oca;0.43;0.17;1.Aðu;0.082;27;51;0.99634;Mar.49;0.64;10.Nis;5
9.Mar;0.49;0.36;1.Tem;0.081;3;14;0.99702;Mar.27;0.78;10.Eyl;6
9.Mar;0.5;0.36;1.Aðu;0.084;6;17;0.99704;Mar.27;0.77;10.Aðu;6
7.Oca;0.43;0.17;1.Aðu;0.082;27;51;0.99634;Mar.49;0.64;10.Nis;5
8.May;0.46;0.59;1.Nis;0.414;16;45;0.99702;3.Mar;Oca.34;9.Þub;5
5.Haz;0.605;0.05;2.Nis;0.073;19;25;0.99258;Mar.56;0.55;12.Eyl;5
8.Mar;0.33;0.42;2.Mar;0.07;9;20;0.99426;Mar.38;0.77;12.Tem;7
8.Þub;0.64;0.27;2;0.095;5;77;0.99747;Mar.13;0.62;9.Oca;6
8.Þub;0.64;0.27;2;0.095;5;77;0.99747;Mar.13;0.62;9.Oca;6
8.Eyl;0.48;0.53;4;0.101;3;10;0.99586;Mar.21;0.59;12.Oca;7
7.Haz;0.42;0.25;3.Eyl;0.104;28;90;0.99784;Mar.15;0.57;9.Oca;5
9.Eyl;0.53;0.57;2.Nis;0.093;30;52;0.9971;Mar.19;0.76;11.Haz;7
8.Eyl;0.48;0.53;4;0.101;3;10;0.99586;Mar.21;0.59;12.Oca;7
11.Haz;0.23;0.57;1.Aðu;0.074;3;8;0.9981;Mar.14;0.7;9.Eyl;6
9.Oca;0.4;0.5;1.Aðu;0.071;7;16;0.99462;Mar.21;0.69;12.May;8
8;0.38;0.44;1.Eyl;0.098;6;15;0.9956;3.Mar;0.64;11.Nis;6
10.Þub;0.29;0.65;2.Nis;0.075;6;17;0.99565;Mar.22;0.63;11.Aðu;6
8.Þub;0.74;0.09;2;0.067;5;10;0.99418;Mar.28;0.57;11.Aðu;6
7.Tem;0.61;0.18;2.Nis;0.083;6;20;0.9963;Mar.29;0.6;10.Þub;6
6.Haz;0.52;0.08;2.Nis;0.07;13;26;0.99358;3.Nis;0.72;12.May;7
11.Oca;0.31;0.53;2.Þub;0.06;3;10;0.99572;3.Þub;0.83;10.Eyl;7
11.Oca;0.31;0.53;2.Þub;0.06;3;10;0.99572;3.Þub;0.83;10.Eyl;7
8;0.62;0.35;2.Aðu;0.086;28;52;0.997;Mar.31;0.62;10.Aðu;5
9.Mar;0.33;0.45;1.May;0.057;19;37;0.99498;Mar.18;0.89;11.Oca;7
7.May;0.77;0.2;8.Oca;0.098;30;92;0.99892;3.Þub;0.58;9.Þub;5
7.Þub;0.35;0.26;1.Aðu;0.083;33;75;0.9968;3.Nis;0.58;9.May;6
8;0.62;0.33;2.Tem;0.088;16;37;0.9972;Mar.31;0.58;10.Tem;6
7.May;0.77;0.2;8.Oca;0.098;30;92;0.99892;3.Þub;0.58;9.Þub;5
9.Oca;0.25;0.34;2;0.071;45;67;0.99769;Mar.44;0.86;10.Þub;7
9.Eyl;0.32;0.56;2;0.073;3;8;0.99534;Mar.15;0.73;11.Nis;6
8.Haz;0.37;0.65;6.Nis;0.08;3;8;0.99817;Mar.27;0.58;11;5
8.Haz;0.37;0.65;6.Nis;0.08;3;8;0.99817;Mar.27;0.58;11;5
7.Eyl;0.3;0.68;8.Mar;0.05;37.5;278;0.99316;3.Oca;0.51;12.Mar;7
10.Mar;0.27;0.56;1.Nis;0.047;3;8;0.99471;Mar.16;0.51;11.Aðu;6
7.Eyl;0.3;0.68;8.Mar;0.05;37.5;289;0.99316;3.Oca;0.51;12.Mar;7
7.Þub;0.38;0.3;1.Aðu;0.073;31;70;0.99685;Mar.42;0.59;9.May;6
8.Tem;0.42;0.45;2.Nis;0.072;32;59;0.99617;Mar.33;0.77;12;6
7.Þub;0.38;0.3;1.Aðu;0.073;31;70;0.99685;Mar.42;0.59;9.May;6
6.Aðu;0.48;0.08;1.Aðu;0.074;40;64;0.99529;3.Ara;0.49;9.Haz;5
8.May;0.34;0.4;4.Tem;0.055;3;9;0.99738;Mar.38;0.66;11.Haz;7
7.Eyl;0.19;0.42;1.Haz;0.057;18;30;0.994;Mar.29;0.69;11.Þub;6
11.Haz;0.41;0.54;1.May;0.095;22;41;0.99735;3.Þub;0.76;9.Eyl;7
11.Haz;0.41;0.54;1.May;0.095;22;41;0.99735;3.Þub;0.76;9.Eyl;7
10;0.26;0.54;1.Eyl;0.083;42;74;0.99451;Þub.98;0.63;11.Aðu;8
7.Eyl;0.34;0.42;2;0.086;8;19;0.99546;Mar.35;0.6;11.Nis;6
7;0.54;0.09;2;0.081;10;16;0.99479;Mar.43;0.59;11.May;6
9.Þub;0.31;0.36;2.Þub;0.079;11;31;0.99615;Mar.33;0.86;12;7
6.Haz;0.725;0.09;5.May;0.117;9;17;0.99655;Mar.35;0.49;10.Aðu;6
9.Nis;0.4;0.47;2.May;0.087;6;20;0.99772;Mar.15;0.5;10.May;5
6.Haz;0.725;0.09;5.May;0.117;9;17;0.99655;Mar.35;0.49;10.Aðu;6
8.Haz;0.52;0.38;1.May;0.096;5;18;0.99666;3.Þub;0.52;9.Nis;5
8;0.31;0.45;2.Oca;0.216;5;16;0.99358;Mar.15;0.81;12.May;7
8.Haz;0.52;0.38;1.May;0.096;5;18;0.99666;3.Þub;0.52;9.Nis;5
8.Nis;0.34;0.42;2.Oca;0.072;23;36;0.99392;3.Kas;0.78;12.Nis;6
7.Nis;0.49;0.27;2.Oca;0.071;14;25;0.99388;Mar.35;0.63;12;6
6.Oca;0.48;0.09;1.Tem;0.078;18;30;0.99402;Mar.45;0.54;11.Þub;6
7.Nis;0.49;0.27;2.Oca;0.071;14;25;0.99388;Mar.35;0.63;12;6
8;0.48;0.34;2.Þub;0.073;16;25;0.9936;Mar.28;0.66;12.Nis;6
6.Mar;0.57;0.28;2.Oca;0.048;13;49;0.99374;Mar.41;0.6;12.Aðu;5
8.Þub;0.23;0.42;1.Eyl;0.069;9;17;0.99376;Mar.21;0.54;12.Mar;6
9.Oca;0.3;0.41;2;0.068;10;24;0.99523;Mar.27;0.85;11.Tem;7
8.Oca;0.78;0.1;3.Mar;0.09;4;13;0.99855;Mar.36;0.49;9.May;5
10.Aðu;0.47;0.43;2.Oca;0.171;27;66;0.9982;Mar.17;0.76;10.Aðu;6
8.Mar;0.53;0;1.Nis;0.07;6;14;0.99593;Mar.25;0.64;10;6
5.Nis;0.42;0.27;2;0.092;23;55;0.99471;Mar.78;0.64;12.Mar;7
7.Eyl;0.33;0.41;1.May;0.056;6;35;0.99396;Mar.29;0.71;11;6
8.Eyl;0.24;0.39;1.Haz;0.074;3;10;0.99698;3.Ara;0.59;9.May;6
5;0.4;0.5;4.Mar;0.046;29;80;0.9902;Mar.49;0.66;13.Haz;6
7;0.69;0.07;2.May;0.091;15;21;0.99572;Mar.38;0.6;11.Mar;6
7;0.69;0.07;2.May;0.091;15;21;0.99572;Mar.38;0.6;11.Mar;6
7;0.69;0.07;2.May;0.091;15;21;0.99572;Mar.38;0.6;11.Mar;6
7.Oca;0.39;0.12;2.Oca;0.065;14;24;0.99252;3.Mar;0.53;13.Mar;6
5.Haz;0.66;0;2.May;0.066;7;15;0.99256;Mar.52;0.58;12.Eyl;5
7.Eyl;0.54;0.34;2.May;0.076;8;17;0.99235;3.Þub;0.72;13.Oca;8
6.Haz;0.5;0;1.Aðu;0.062;21;28;0.99352;Mar.44;0.55;12.Mar;6
6.Mar;0.47;0;1.Nis;0.055;27;33;0.9922;Mar.45;0.48;12.Mar;6
10.Tem;0.4;0.37;1.Eyl;0.081;17;29;0.99674;3.Ara;0.65;11.Þub;6
6.May;0.58;0;2.Þub;0.096;3;13;0.99557;Mar.62;0.62;11.May;4
8.Aðu;0.24;0.35;1.Tem;0.055;13;27;0.99394;Mar.14;0.59;11.Mar;7
5.Aðu;0.29;0.26;1.Tem;0.063;3;11;0.9915;Mar.39;0.54;13.May;6
6.Mar;0.76;0;2.Eyl;0.072;26;52;0.99379;Mar.51;0.6;11.May;6
10;0.43;0.33;2.Tem;0.095;28;89;0.9984;Mar.22;0.68;10;5
10.May;0.43;0.35;3.Mar;0.092;24;70;0.99798;Mar.21;0.69;10.May;6
9.Oca;0.6;0;1.Eyl;0.058;5;10;0.9977;Mar.18;0.63;10.Nis;6
5.Eyl;0.19;0.21;1.Tem;0.045;57;135;0.99341;Mar.32;0.44;9.May;5
7.Nis;0.36;0.34;1.Aðu;0.075;18;38;0.9933;Mar.38;0.88;13.Haz;7
7.Þub;0.48;0.07;5.May;0.089;10;18;0.99684;Mar.37;0.68;11.Þub;7
8.May;0.28;0.35;1.Tem;0.061;6;15;0.99524;3.Mar;0.74;11.Aðu;7
8;0.25;0.43;1.Tem;0.067;22;50;0.9946;Mar.38;0.6;11.Eyl;6
10.Nis;0.52;0.45;2;0.08;6;13;0.99774;Mar.22;0.76;11.Nis;6
10.Nis;0.52;0.45;2;0.08;6;13;0.99774;Mar.22;0.76;11.Nis;6
7.May;0.41;0.15;3.Tem;0.104;29;94;0.99786;Mar.14;0.58;9.Oca;5
8.Þub;0.51;0.24;2;0.079;16;86;0.99764;Mar.34;0.64;9.May;6
7.Mar;0.4;0.3;1.Tem;0.08;33;79;0.9969;Mar.41;0.65;9.May;6
8.Þub;0.38;0.32;2.May;0.08;24;71;0.99624;Mar.27;0.85;11;6
6.Eyl;0.45;0.11;2.Nis;0.043;6;12;0.99354;3.Mar;0.65;11.Nis;6
7;0.22;0.3;1.Aðu;0.065;16;20;0.99672;Mar.61;0.82;10;6
7.Mar;0.32;0.23;2.Mar;0.066;35;70;0.99588;Mar.43;0.62;10.Oca;5
8.Þub;0.2;0.43;2.May;0.076;31;51;0.99672;Mar.53;0.81;10.Nis;6
7.Aðu;0.5;0.12;1.Aðu;0.178;6;21;0.996;Mar.28;0.87;9.Aðu;6
10;0.41;0.45;6.Þub;0.071;6;14;0.99702;Mar.21;0.49;11.Aðu;7
7.Aðu;0.39;0.42;2;0.086;9;21;0.99526;Mar.39;0.66;11.Haz;6
10;0.35;0.47;2;0.061;6;11;0.99585;Mar.23;0.52;12;6
8.Þub;0.33;0.32;2.Aðu;0.067;4;12;0.99473;3.Mar;0.76;12.Aðu;7
6.Oca;0.58;0.23;2.May;0.044;16;70;0.99352;Mar.46;0.65;12.May;6
8.Mar;0.6;0.25;2.Þub;0.118;9;38;0.99616;Mar.15;0.53;9.Aðu;5
9.Haz;0.42;0.35;2.Oca;0.083;17;38;0.99622;Mar.23;0.66;11.Oca;6
6.Haz;0.58;0;2.Þub;0.1;50;63;0.99544;Mar.59;0.68;11.Nis;6
8.Mar;0.6;0.25;2.Þub;0.118;9;38;0.99616;Mar.15;0.53;9.Aðu;5
8.May;0.18;0.51;Oca.75;0.071;45;88;0.99524;Mar.33;0.76;11.Aðu;7
5.Oca;0.51;0.18;2.Oca;0.042;16;101;0.9924;Mar.46;0.87;12.Eyl;7
6.Tem;0.41;0.43;2.Aðu;0.076;22;54;0.99572;Mar.42;Oca.16;10.Haz;6
10.Þub;0.41;0.43;2.Þub;0.11;11;37;0.99728;Mar.16;0.67;10.Aðu;5
10.Haz;0.36;0.57;2.Mar;0.087;6;20;0.99676;Mar.14;0.72;11.Oca;7
8.Aðu;0.45;0.43;1.Nis;0.076;12;21;0.99551;Mar.21;0.75;10.Þub;6
8.May;0.32;0.42;2.Mar;0.075;12;19;0.99434;Mar.14;0.71;11.Aðu;7
9;0.785;0.24;1.Tem;0.078;10;21;0.99692;Mar.29;0.67;10;5
9;0.785;0.24;1.Tem;0.078;10;21;0.99692;Mar.29;0.67;10;5
8.May;0.44;0.5;1.Eyl;0.369;15;38;0.99634;3.Oca;1.Oca;9.Nis;5
9.Eyl;0.54;0.26;2;0.111;7;60;0.99709;Þub.94;0.98;10.Þub;5
8.Þub;0.33;0.39;2.May;0.074;29;48;0.99528;Mar.32;0.88;12.Nis;7
6.May;0.34;0.27;2.Aðu;0.067;8;44;0.99384;Mar.21;0.56;12;6
7.Haz;0.5;0.29;2.Mar;0.086;5;14;0.99502;Mar.32;0.62;11.May;6
9.Þub;0.36;0.34;1.Haz;0.062;5;12;0.99667;3.Þub;0.67;10.May;6
7.Oca;0.59;0;2.Þub;0.078;26;44;0.99522;Mar.42;0.68;10.Aðu;6
9.Tem;0.42;0.46;2.Oca;0.074;5;16;0.99649;Mar.27;0.74;12.Mar;6
7.Haz;0.36;0.31;1.Tem;0.079;26;65;0.99716;Mar.46;0.62;9.May;6
7.Haz;0.36;0.31;1.Tem;0.079;26;65;0.99716;Mar.46;0.62;9.May;6
6.May;0.61;0;2.Þub;0.095;48;59;0.99541;Mar.61;0.7;11.May;6
6.May;0.88;0.03;5.Haz;0.079;23;47;0.99572;Mar.58;0.5;11.Þub;4
7.Oca;0.66;0;2.Nis;0.052;6;11;0.99318;Mar.35;0.66;12.Tem;7
5.Haz;0.915;0;2.Oca;0.041;17;78;0.99346;Mar.68;0.73;11.Nis;5
8.Þub;0.35;0.33;2.Nis;0.076;11;47;0.99599;Mar.27;0.81;11;6
8.Þub;0.35;0.33;2.Nis;0.076;11;47;0.99599;Mar.27;0.81;11;6
9.Aðu;0.39;0.43;Oca.65;0.068;5;11;0.99478;Mar.19;0.46;11.Nis;5
10.Þub;0.4;0.4;2.May;0.068;41;54;0.99754;Mar.38;0.86;10.May;6
6.Aðu;0.66;0.07;1.Haz;0.07;16;61;0.99572;Mar.29;0.6;9.Mar;5
6.Tem;0.64;0.23;2.Oca;0.08;11;119;0.99538;Mar.36;0.7;10.Eyl;5
7;0.43;0.3;2;0.085;6;39;0.99346;Mar.33;0.46;11.Eyl;6
6.Haz;0.8;0.03;7.Aðu;0.079;6;12;0.9963;Mar.52;0.5;12.Þub;5
7;0.43;0.3;2;0.085;6;39;0.99346;Mar.33;0.46;11.Eyl;6
6.Tem;0.64;0.23;2.Oca;0.08;11;119;0.99538;Mar.36;0.7;10.Eyl;5
8.Aðu;0.955;0.05;1.Aðu;0.075;5;19;0.99616;3.Mar;0.44;9.Haz;4
9.Oca;0.4;0.57;4.Haz;0.08;6;20;0.99652;Mar.28;0.57;12.May;6
6.May;0.885;0;2.Mar;0.166;6;12;0.99551;Mar.56;0.51;10.Aðu;5
7.Þub;0.25;0.37;2.May;0.063;11;41;0.99439;Mar.52;0.8;12.Nis;7
6.Nis;0.885;0;2.Mar;0.166;6;12;0.99551;Mar.56;0.51;10.Aðu;5
7;0.745;0.12;1.Aðu;0.114;15;64;0.99588;Mar.22;0.59;9.May;6
6.Þub;0.43;0.22;1.Aðu;0.078;21;56;0.99633;Mar.52;0.6;9.May;6
7.Eyl;0.58;0.23;2.Mar;0.076;23;94;0.99686;Mar.21;0.58;9.May;6
7.Tem;0.57;0.21;1.May;0.069;4;9;0.99458;Mar.16;0.54;9.Aðu;6
7.Tem;0.26;0.26;2;0.052;19;77;0.9951;Mar.15;0.79;10.Eyl;6
7.Eyl;0.58;0.23;2.Mar;0.076;23;94;0.99686;Mar.21;0.58;9.May;6
7.Tem;0.57;0.21;1.May;0.069;4;9;0.99458;Mar.16;0.54;9.Aðu;6
7.Eyl;0.34;0.36;1.Eyl;0.065;5;10;0.99419;Mar.27;0.54;11.Þub;7
8.Haz;0.42;0.39;1.Aðu;0.068;6;12;0.99516;Mar.35;0.69;11.Tem;8
9.Eyl;0.74;0.19;5.Aðu;0.111;33;76;0.99878;Mar.14;0.55;9.Nis;5
7.Þub;0.36;0.46;2.Oca;0.074;24;44;0.99534;3.Nis;0.85;11;7
7.Þub;0.36;0.46;2.Oca;0.074;24;44;0.99534;3.Nis;0.85;11;7
7.Þub;0.36;0.46;2.Oca;0.074;24;44;0.99534;3.Nis;0.85;11;7
9.Eyl;0.72;0.55;1.Tem;0.136;24;52;0.99752;Mar.35;0.94;10;5
7.Þub;0.36;0.46;2.Oca;0.074;24;44;0.99534;3.Nis;0.85;11;7
6.Þub;0.39;0.43;2;0.071;14;24;0.99428;Mar.45;0.87;11.Þub;7
6.Aðu;0.65;0.02;2.Oca;0.078;8;15;0.99498;Mar.35;0.62;10.Nis;6
6.Haz;0.44;0.15;2.Oca;0.076;22;53;0.9957;Mar.32;0.62;9.Mar;5
6.Aðu;0.65;0.02;2.Oca;0.078;8;15;0.99498;Mar.35;0.62;10.Nis;6
9.Haz;0.38;0.42;1.Eyl;0.071;5;13;0.99659;Mar.15;0.75;10.May;6
10.Þub;0.33;0.46;1.Eyl;0.081;6;9;0.99628;3.Oca;0.48;10.Nis;6
8.Aðu;0.27;0.46;2.Oca;0.095;20;29;0.99488;Mar.26;0.56;11.Mar;6
7.Eyl;0.57;0.31;2;0.079;10;79;0.99677;Mar.29;0.69;9.May;6
8.Þub;0.34;0.37;1.Eyl;0.057;43;74;0.99408;Mar.23;0.81;12;6
8.Þub;0.4;0.31;1.Eyl;0.082;8;24;0.996;Mar.24;0.69;10.Haz;6
9;0.39;0.4;1.Mar;0.044;25;50;0.99478;3.Þub;0.83;10.Eyl;6
10.Eyl;0.32;0.52;1.Aðu;0.132;17;44;0.99734;Mar.28;0.77;11.May;6
10.Eyl;0.32;0.52;1.Aðu;0.132;17;44;0.99734;Mar.28;0.77;11.May;6
8.Oca;0.53;0.22;2.Þub;0.078;33;89;0.99678;Mar.26;0.46;9.Haz;6
10.May;0.36;0.47;2.Þub;0.074;9;23;0.99638;Mar.23;0.76;12;6
12.Haz;0.39;0.49;2.May;0.08;8;20;0.9992;3.Tem;0.82;10.Mar;6
9.Þub;0.46;0.23;2.Haz;0.091;18;77;0.99922;Mar.15;0.51;9.Nis;5
7.May;0.58;0.03;4.Oca;0.08;27;46;0.99592;3.Þub;0.47;9.Þub;5
9;0.58;0.25;2;0.104;8;21;0.99769;Mar.27;0.72;9.Haz;5
5.Oca;0.42;0;1.Aðu;0.044;18;88;0.99157;Mar.68;0.73;13.Haz;7
7.Haz;0.43;0.29;2.Oca;0.075;19;66;0.99718;3.Nis;0.64;9.May;5
7.Tem;0.18;0.34;2.Tem;0.066;15;58;0.9947;Mar.37;0.78;11.Aðu;6
7.Aðu;0.815;0.01;2.Haz;0.074;48;90;0.99621;Mar.38;0.62;10.Aðu;5
7.Haz;0.43;0.29;2.Oca;0.075;19;66;0.99718;3.Nis;0.64;9.May;5
10.Þub;0.23;0.37;2.Þub;0.057;14;36;0.99614;Mar.23;0.49;9.Mar;4
7.Oca;0.75;0.01;2.Þub;0.059;11;18;0.99242;Mar.39;0.4;12.Aðu;6
6;0.33;0.32;12.Eyl;0.054;6;113;0.99572;3.Mar;0.56;11.May;4
7.Aðu;0.55;0;1.Tem;0.07;7;17;0.99659;Mar.26;0.64;9.Nis;6
7.Oca;0.75;0.01;2.Þub;0.059;11;18;0.99242;Mar.39;0.4;12.Aðu;6
8.Oca;0.73;0;2.May;0.081;12;24;0.99798;Mar.38;0.46;9.Haz;4
6.May;0.67;0;4.Mar;0.057;11;20;0.99488;Mar.45;0.56;11.Aðu;4
7.May;0.61;0.2;1.Tem;0.076;36;60;0.99494;3.Oca;0.4;9.Mar;5
9.Aðu;0.37;0.39;2.May;0.079;28;65;0.99729;Mar.16;0.59;9.Aðu;5
9;0.4;0.41;2;0.058;15;40;0.99414;Mar.22;0.6;12.Þub;6
8.Mar;0.56;0.22;2.Nis;0.082;10;86;0.9983;Mar.37;0.62;9.May;5
5.Eyl;0.29;0.25;13.Nis;0.067;72;160;0.99721;Mar.33;0.54;10.Mar;6
7.Nis;0.55;0.19;1.Aðu;0.082;15;34;0.99655;Mar.49;0.68;10.May;5
7.Nis;0.74;0.07;1.Tem;0.086;15;48;0.99502;3.Ara;0.48;10;5
7.Nis;0.55;0.19;1.Aðu;0.082;15;34;0.99655;Mar.49;0.68;10.May;5
6.Eyl;0.41;0.33;2.Þub;0.081;22;36;0.9949;Mar.41;0.75;11.Oca;6
7.Oca;0.6;0.01;2.Mar;0.079;24;37;0.99514;3.Nis;0.61;10.Eyl;6
7.Oca;0.6;0.01;2.Mar;0.079;24;37;0.99514;3.Nis;0.61;10.Eyl;6
7.May;0.58;0.14;2.Þub;0.077;27;60;0.9963;Mar.28;0.59;9.Aðu;5
7.Oca;0.72;0;1.Aðu;0.123;6;14;0.99627;Mar.45;0.58;9.Aðu;5
7.Eyl;0.66;0;1.Nis;0.096;6;13;0.99569;Mar.43;0.58;9.May;5
7.Aðu;0.7;0.06;1.Eyl;0.079;20;35;0.99628;3.Nis;0.69;10.Eyl;5
6.Oca;0.64;0.02;2.Nis;0.069;26;46;0.99358;Mar.47;0.45;11;5
7.May;0.59;0.22;1.Aðu;0.082;43;60;0.99499;3.Oca;0.42;9.Þub;5
7;0.58;0.28;4.Aðu;0.085;12;69;0.99633;Mar.32;0.7;11;6
6.Aðu;0.64;0;2.Tem;0.123;15;33;0.99538;Mar.44;0.63;11.Mar;6
6.Aðu;0.64;0;2.Tem;0.123;15;33;0.99538;Mar.44;0.63;11.Mar;6
8.Haz;0.635;0.68;1.Aðu;0.403;19;56;0.99632;3.Þub;Oca.15;9.Mar;5
6.Mar;1.Þub;0;2;0.083;17;24;0.99437;Mar.59;0.55;11.Þub;4
9.Aðu;0.45;0.38;2.May;0.081;34;66;0.99726;Mar.15;0.58;9.Aðu;5
8.Þub;0.78;0;2.Þub;0.089;13;26;0.9978;Mar.37;0.46;9.Haz;4
8.May;0.37;0.32;1.Aðu;0.066;26;51;0.99456;Mar.38;0.72;11.Aðu;6
7.Þub;0.57;0.05;2.Mar;0.081;16;36;0.99564;Mar.38;0.6;10.Mar;6
7.Þub;0.57;0.05;2.Mar;0.081;16;36;0.99564;Mar.38;0.6;10.Mar;6
10.Nis;0.43;0.5;2.Mar;0.068;13;19;0.996;3.Oca;0.87;11.Nis;6
6.Eyl;0.41;0.31;2;0.079;21;51;0.99668;Mar.47;0.55;9.May;6
5.May;0.49;0.03;1.Aðu;0.044;28;87;0.9908;3.May;0.82;14;8
5;0.38;0.01;1.Haz;0.048;26;60;0.99084;3.Tem;0.75;14;6
7.Mar;0.44;0.2;1.Haz;0.049;24;64;0.9935;Mar.38;0.57;11.Tem;6
5.Eyl;0.46;0;1.Eyl;0.077;25;44;0.99385;3.May;0.53;11.Þub;5
7.May;0.58;0.2;2;0.073;34;44;0.99494;3.Oca;0.43;9.Mar;5
7.Aðu;0.58;0.13;2.Oca;0.102;17;36;0.9944;Mar.24;0.53;11.Þub;6
8;0.715;0.22;2.Mar;0.075;13;81;0.99688;Mar.24;0.54;9.May;6
8.May;0.4;0.4;6.Mar;0.05;3;10;0.99566;Mar.28;0.56;12;4
7;0.69;0;1.Eyl;0.114;3;10;0.99636;Mar.35;0.6;9.Tem;6
8;0.715;0.22;2.Mar;0.075;13;81;0.99688;Mar.24;0.54;9.May;6
9.Aðu;0.3;0.39;1.Tem;0.062;3;9;0.9948;Mar.14;0.57;11.May;7
7.Oca;0.46;0.2;1.Eyl;0.077;28;54;0.9956;Mar.37;0.64;10.Nis;6
7.Oca;0.46;0.2;1.Eyl;0.077;28;54;0.9956;Mar.37;0.64;10.Nis;6
7.Eyl;0.765;0;2;0.084;9;22;0.99619;Mar.33;0.68;10.Eyl;6
8.Tem;0.63;0.28;2.Tem;0.096;17;69;0.99734;Mar.26;0.63;10.Þub;6
7;0.42;0.19;2.Mar;0.071;18;36;0.99476;Mar.39;0.56;10.Eyl;5
11.Mar;0.37;0.5;1.Aðu;0.09;20;47;0.99734;Mar.15;0.57;10.May;5
7.Oca;0.16;0.44;2.May;0.068;17;31;0.99328;Mar.35;0.54;12.Nis;6
8;0.6;0.08;2.Haz;0.056;3;7;0.99286;Mar.22;0.37;13;5
7;0.6;0.3;4.May;0.068;20;110;0.99914;3.Mar;Oca.17;10.Þub;5
7;0.6;0.3;4.May;0.068;20;110;0.99914;3.Mar;Oca.17;10.Þub;5
7.Haz;0.74;0;1.Eyl;0.1;6;12;0.99521;Mar.36;0.59;11;5
8.Þub;0.635;0.1;2.Oca;0.073;25;60;0.99638;Mar.29;0.75;10.Eyl;6
5.Eyl;0.395;0.13;2.Nis;0.056;14;28;0.99362;Mar.62;0.67;12.Nis;6
7.May;0.755;0;1.Eyl;0.084;6;12;0.99672;Mar.34;0.49;9.Tem;4
8.Þub;0.635;0.1;2.Oca;0.073;25;60;0.99638;Mar.29;0.75;10.Eyl;6
6.Haz;0.63;0;4.Mar;0.093;51;77.5;0.99558;3.Þub;0.45;9.May;5
6.Haz;0.63;0;4.Mar;0.093;51;77.5;0.99558;3.Þub;0.45;9.May;5
7.Þub;0.53;0.14;2.Oca;0.064;15;29;0.99323;Mar.35;0.61;12.Oca;6
5.Tem;0.6;0;1.Nis;0.063;11;18;0.99191;Mar.45;0.56;12.Þub;6
7.Haz;Oca.58;0;2.Oca;0.137;5;9;0.99476;3.May;0.4;10.Eyl;3
5.Þub;0.645;0;Þub.15;0.08;15;28;0.99444;Mar.78;0.61;12.May;6
6.Tem;0.86;0.07;2;0.1;20;57;0.99598;3.Haz;0.74;11.Tem;6
9.Oca;0.37;0.32;2.Oca;0.064;4;15;0.99576;3.Mar;0.8;11.Þub;6
8;0.28;0.44;1.Aðu;0.081;28;68;0.99501;Mar.36;0.66;11.Þub;5
7.Haz;0.79;0.21;2.Mar;0.087;21;68;0.9955;3.Ara;0.44;9.Þub;5
7.May;0.61;0.26;1.Eyl;0.073;24;88;0.99612;3.Mar;0.53;9.Aðu;5
9.Tem;0.69;0.32;2.May;0.088;22;91;0.9979;Mar.29;0.62;10.Oca;5
6.Aðu;0.68;0.09;3.Eyl;0.068;15;29;0.99524;Mar.41;0.52;11.Oca;4
9.Tem;0.69;0.32;2.May;0.088;22;91;0.9979;Mar.29;0.62;10.Oca;5
7;0.62;0.1;1.Nis;0.071;27;63;0.996;Mar.28;0.61;9.Þub;5
7.May;0.61;0.26;1.Eyl;0.073;24;88;0.99612;3.Mar;0.53;9.Aðu;5
6.May;0.51;0.15;3;0.064;12;27;0.9929;Mar.33;0.59;12.Aðu;6
8;Oca.18;0.21;1.Eyl;0.083;14;41;0.99532;Mar.34;0.47;10.May;5
7;0.36;0.21;2.Mar;0.086;20;65;0.99558;3.Nis;0.54;10.Oca;6
7;0.36;0.21;2.Nis;0.086;24;69;0.99556;3.Nis;0.53;10.Oca;6
7.May;0.63;0.27;2;0.083;17;91;0.99616;Mar.26;0.58;9.Aðu;6
5.Nis;0.74;0;1.Þub;0.041;16;46;0.99258;4.Oca;0.59;12.May;6
9.Eyl;0.44;0.46;2.Þub;0.091;10;41;0.99638;Mar.18;0.69;11.Eyl;6
7.May;0.63;0.27;2;0.083;17;91;0.99616;Mar.26;0.58;9.Aðu;6
9.Oca;0.76;0.68;1.Tem;0.414;18;64;0.99652;2.Eyl;Oca.33;9.Oca;6
9.Tem;0.66;0.34;2.Haz;0.094;12;88;0.99796;Mar.26;0.66;10.Oca;5
5;0.74;0;1.Þub;0.041;16;46;0.99258;4.Oca;0.59;12.May;6
9.Oca;0.34;0.42;1.Aðu;0.058;9;18;0.99392;Mar.18;0.55;11.Nis;5
9.Oca;0.36;0.39;1.Aðu;0.06;21;55;0.99495;Mar.18;0.82;11;7
6.Tem;0.46;0.24;1.Tem;0.077;18;34;0.9948;Mar.39;0.6;10.Haz;6
6.Tem;0.46;0.24;1.Tem;0.077;18;34;0.9948;Mar.39;0.6;10.Haz;6
6.Tem;0.46;0.24;1.Tem;0.077;18;34;0.9948;Mar.39;0.6;10.Haz;6
6.Tem;0.46;0.24;1.Tem;0.077;18;34;0.9948;Mar.39;0.6;10.Haz;6
6.May;0.52;0.11;1.Aðu;0.073;13;38;0.9955;Mar.34;0.52;9.Mar;5
7.Nis;0.6;0.26;2.Oca;0.083;17;91;0.99616;Mar.29;0.56;9.Aðu;6
7.Nis;0.6;0.26;2.Oca;0.083;17;91;0.99616;Mar.29;0.56;9.Aðu;6
7.Aðu;0.87;0.26;3.Aðu;0.107;31;67;0.99668;Mar.26;0.46;9.Þub;5
8.Nis;0.39;0.1;1.Tem;0.075;6;25;0.99581;3.Eyl;0.43;9.Tem;6
9.Oca;0.775;0.22;2.Þub;0.079;12;48;0.9976;Mar.18;0.51;9.Haz;5
7.Þub;0.835;0;2;0.166;4;11;0.99608;Mar.39;0.52;10;5
6.Haz;0.58;0.02;2.Nis;0.069;19;40;0.99387;Mar.38;0.66;12.Haz;6
6;0.5;0;1.Nis;0.057;15;26;0.99448;Mar.36;0.45;9.May;5
6;0.5;0;1.Nis;0.057;15;26;0.99448;Mar.36;0.45;9.May;5
6;0.5;0;1.Nis;0.057;15;26;0.99448;Mar.36;0.45;9.May;5
7.May;0.51;0.02;1.Tem;0.084;13;31;0.99538;Mar.36;0.54;10.May;6
7.May;0.51;0.02;1.Tem;0.084;13;31;0.99538;Mar.36;0.54;10.May;6
7.May;0.51;0.02;1.Tem;0.084;13;31;0.99538;Mar.36;0.54;10.May;6
7.Haz;0.54;0.02;1.Tem;0.085;17;31;0.99589;Mar.37;0.51;10.Nis;6
7.May;0.51;0.02;1.Tem;0.084;13;31;0.99538;Mar.36;0.54;10.May;6
11.May;0.42;0.48;2.Haz;0.077;8;20;0.99852;3.Eyl;0.53;11;5
8.Þub;0.44;0.24;2.Mar;0.063;10;28;0.99613;Mar.25;0.53;10.Þub;6
6.Oca;0.59;0.01;2.Oca;0.056;5;13;0.99472;Mar.52;0.56;11.Nis;5
7.Þub;0.655;0.03;1.Aðu;0.078;7;12;0.99587;Mar.34;0.39;9.May;5
7.Þub;0.655;0.03;1.Aðu;0.078;7;12;0.99587;Mar.34;0.39;9.May;5
6.Eyl;0.57;0;2.Aðu;0.081;21;41;0.99518;Mar.41;0.52;10.Aðu;5
9;0.6;0.29;2;0.069;32;73;0.99654;Mar.34;0.57;10;5
7.Þub;0.62;0.01;2.Mar;0.065;8;46;0.99332;Mar.32;0.51;11.Aðu;6
7.Haz;0.645;0.03;1.Eyl;0.086;14;57;0.9969;Mar.37;0.46;10.Mar;5
7.Haz;0.645;0.03;1.Eyl;0.086;14;57;0.9969;Mar.37;0.46;10.Mar;5
7.Þub;0.58;0.03;2.Mar;0.077;7;28;0.99568;Mar.35;0.52;10;5
6.Oca;0.32;0.25;1.Aðu;0.086;5;32;0.99464;Mar.36;0.44;10.Oca;5
6.Oca;0.34;0.25;1.Aðu;0.084;4;28;0.99464;Mar.36;0.44;10.Oca;5
7.Mar;0.43;0.24;2.May;0.078;27;67;0.99648;3.Haz;0.59;11.Oca;6
7.Nis;0.64;0.17;5.Nis;0.168;52;98;0.99736;Mar.28;0.5;9.May;5
11.Haz;0.475;0.4;1.Nis;0.091;6;28;0.99704;3.Tem;0.65;100.333.333.333.333;6
9.Þub;0.54;0.31;2.Mar;0.112;11;38;0.99699;Mar.24;0.56;10.Eyl;5
8.Mar;0.85;0.14;2.May;0.093;13;54;0.99724;Mar.36;0.54;10.Oca;5
11.Haz;0.475;0.4;1.Nis;0.091;6;28;0.99704;3.Tem;0.65;100.333.333.333.333;6
8;0.83;0.27;2;0.08;11;63;0.99652;Mar.29;0.48;9.Aðu;4
7.Þub;0.605;0.02;1.Eyl;0.096;10;31;0.995;Mar.46;0.53;11.Aðu;6
7.Aðu;0.5;0.09;2.Þub;0.115;10;42;0.9971;Mar.18;0.62;9.May;5
7.Mar;0.74;0.08;1.Tem;0.094;10;45;0.99576;Mar.24;0.5;9.Aðu;5
6.Eyl;0.54;0.3;2.Þub;0.088;9;105;0.99725;Mar.25;Oca.18;10.May;6
8;0.77;0.32;2.Oca;0.079;16;74;0.99656;Mar.27;0.5;9.Aðu;6
6.Haz;0.61;0;1.Haz;0.069;4;8;0.99396;Mar.33;0.37;10.Nis;4
8.Tem;0.78;0.51;1.Tem;0.415;12;66;0.99623;3;Oca.17;9.Þub;5
7.May;0.58;0.56;3.Oca;0.153;5;14;0.99476;Mar.21;1.Mar;11.Haz;6
8.Tem;0.78;0.51;1.Tem;0.415;12;66;0.99623;3;Oca.17;9.Þub;5
7.Tem;0.75;0.27;3.Aðu;0.11;34;89;0.99664;Mar.24;0.45;9.Mar;5
6.Aðu;0.815;0;1.Þub;0.267;16;29;0.99471;Mar.32;0.51;9.Aðu;3
7.Þub;0.56;0.26;2;0.083;13;100;0.99586;Mar.26;0.52;9.Eyl;5
8.Þub;0.885;0.2;1.Nis;0.086;7;31;0.9946;3.Kas;0.46;10;5
5.Þub;0.49;0.26;2.Mar;0.09;23;74;0.9953;Mar.71;0.62;12.Þub;6
7.Þub;0.45;0.15;2;0.078;10;28;0.99609;Mar.29;0.51;9.Eyl;6
7.May;0.57;0.02;2.Haz;0.077;11;35;0.99557;Mar.36;0.62;10.Aðu;6
7.May;0.57;0.02;2.Haz;0.077;11;35;0.99557;Mar.36;0.62;10.Aðu;6
6.Aðu;0.83;0.09;1.Aðu;0.074;4;25;0.99534;Mar.38;0.45;9.Haz;5
8;0.6;0.22;2.Oca;0.08;25;105;0.99613;3.Mar;0.49;9.Eyl;5
8;0.6;0.22;2.Oca;0.08;25;105;0.99613;3.Mar;0.49;9.Eyl;5
7.Oca;0.755;0.15;1.Aðu;0.107;20;84;0.99593;Mar.19;0.5;9.May;5
8;0.81;0.25;3.Nis;0.076;34;85;0.99668;Mar.19;0.42;9.Þub;5
7.Nis;0.64;0.07;1.Aðu;0.1;8;23;0.9961;3.Mar;0.58;9.Haz;5
7.Nis;0.64;0.07;1.Aðu;0.1;8;23;0.9961;3.Mar;0.58;9.Haz;5
6.Haz;0.64;0.31;6.Oca;0.083;7;49;0.99718;Mar.35;0.68;10.Mar;5
6.Tem;0.48;0.02;2.Þub;0.08;36;111;0.99524;3.Oca;0.53;9.Tem;5
6;0.49;0;2.Mar;0.068;15;33;0.99292;Mar.58;0.59;12.May;6
8;0.64;0.22;2.Nis;0.094;5;33;0.99612;Mar.37;0.58;11;5
7.Oca;0.62;0.06;1.Mar;0.07;5;12;0.9942;Mar.17;0.48;9.Aðu;5
8;0.52;0.25;2;0.078;19;59;0.99612;3.Mar;0.48;10.Þub;5
6.Nis;0.57;0.14;3.Eyl;0.07;27;73;0.99669;Mar.32;0.48;9.Þub;5
8.Haz;0.685;0.1;1.Haz;0.092;3;12;0.99745;Mar.31;0.65;Eyl.55;6
8.Tem;0.675;0.1;1.Haz;0.09;4;11;0.99745;Mar.31;0.65;Eyl.55;5
7.Mar;0.59;0.26;2;0.08;17;104;0.99584;Mar.28;0.52;9.Eyl;5
7;0.6;0.12;2.Þub;0.083;13;28;0.9966;Mar.52;0.62;10.Þub;7
7.Þub;0.67;0;2.Þub;0.068;10;24;0.9956;Mar.42;0.72;11.Oca;6
7.Eyl;0.69;0.21;2.Oca;0.08;33;141;0.9962;Mar.25;0.51;9.Eyl;5
7.Eyl;0.69;0.21;2.Oca;0.08;33;141;0.9962;Mar.25;0.51;9.Eyl;5
7.Haz;0.3;0.42;2;0.052;6;24;0.9963;Mar.44;0.82;11.Eyl;6
7.Þub;0.33;0.33;1.Tem;0.061;3;13;0.996;Mar.23;1.Oca;10;8
8;0.5;0.39;2.Haz;0.082;12;46;0.9985;Mar.43;0.62;10.Tem;6
7.Tem;0.28;0.3;2;0.062;18;34;0.9952;Mar.28;0.9;11.Mar;7
8.Þub;0.24;0.34;5.Oca;0.062;8;22;0.9974;Mar.22;0.94;10.Eyl;6
6;0.51;0;2.Oca;0.064;40;54;0.995;Mar.54;0.93;10.Tem;6
8.Oca;0.29;0.36;2.Þub;0.048;35;53;0.995;Mar.27;1.Oca;12.Nis;7
6;0.51;0;2.Oca;0.064;40;54;0.995;Mar.54;0.93;10.Tem;6
6.Haz;0.96;0;1.Aðu;0.082;5;16;0.9936;3.May;0.44;11.Eyl;6
6.Nis;0.47;0.4;2.Nis;0.071;8;19;0.9963;Mar.56;0.73;10.Haz;6
8.Þub;0.24;0.34;5.Oca;0.062;8;22;0.9974;Mar.22;0.94;10.Eyl;6
9.Eyl;0.57;0.25;2;0.104;12;89;0.9963;3.Nis;0.9;10.Oca;5
10;0.32;0.59;2.Þub;0.077;3;15;0.9994;3.Þub;0.78;9.Haz;5
6.Þub;0.58;0;1.Haz;0.065;8;18;0.9966;Mar.56;0.84;9.Nis;5
10;0.32;0.59;2.Þub;0.077;3;15;0.9994;3.Þub;0.78;9.Haz;5
7.Mar;0.34;0.33;2.May;0.064;21;37;0.9952;Mar.35;0.77;12.Oca;7
7.Aðu;0.53;0.01;1.Haz;0.077;3;19;0.995;Mar.16;0.46;9.Aðu;5
7.Tem;0.64;0.21;2.Þub;0.077;32;133;0.9956;Mar.27;0.45;9.Eyl;5
7.Aðu;0.53;0.01;1.Haz;0.077;3;19;0.995;Mar.16;0.46;9.Aðu;5
7.May;0.4;0.18;1.Haz;0.079;24;58;0.9965;Mar.34;0.58;9.Nis;5
7;0.54;0;2.Oca;0.079;39;55;0.9956;Mar.39;0.84;11.Nis;6
6.Nis;0.53;0.09;3.Eyl;0.123;14;31;0.9968;3.May;0.67;11;4
8.Mar;0.26;0.37;1.Nis;0.076;8;23;0.9974;Mar.26;0.7;9.Haz;6
8.Mar;0.26;0.37;1.Nis;0.076;8;23;0.9974;Mar.26;0.7;9.Haz;6
7.Tem;0.23;0.37;1.Aðu;0.046;23;60;0.9971;Mar.41;0.71;12.Oca;6
7.Haz;0.41;0.33;2.May;0.078;6;23;0.9957;3.Mar;0.58;11.Þub;5
7.Aðu;0.64;0;1.Eyl;0.072;27;55;0.9962;Mar.31;0.63;11;5
7.Eyl;0.18;0.4;2.Þub;0.049;38;67;0.996;Mar.33;0.93;11.Mar;5
7.Nis;0.41;0.24;1.Aðu;0.066;18;47;0.9956;Mar.37;0.62;10.Nis;5
7.Haz;0.43;0.31;2.Oca;0.069;13;74;0.9958;Mar.26;0.54;9.Eyl;6
5.Eyl;0.44;0;1.Haz;0.042;3;11;0.9944;Mar.48;0.85;11.Tem;6
6.Oca;0.4;0.16;1.Aðu;0.069;11;25;0.9955;Mar.42;0.74;10.Oca;7
10.Þub;0.54;0.37;15.Nis;0.214;55;95;100.369;Mar.18;0.77;9;6
10.Þub;0.54;0.37;15.Nis;0.214;55;95;100.369;Mar.18;0.77;9;6
10;0.38;0.38;1.Haz;0.169;27;90;0.99914;Mar.15;0.65;8.May;5
6.Aðu;0.915;0.29;4.Aðu;0.07;15;39;0.99577;Mar.53;0.54;11.Oca;5
7;0.59;0;1.Tem;0.052;3;8;0.996;Mar.41;0.47;10.Mar;5
7.Mar;0.67;0.02;2.Þub;0.072;31;92;0.99566;Mar.32;0.68;110.666.666.666.667;6
7.Þub;0.37;0.32;2;0.062;15;28;0.9947;Mar.23;0.73;11.Mar;7
7.Nis;0.785;0.19;5.Þub;0.094;19;98;0.99713;Mar.16;0.52;956.666.666.666.667;6
6.Eyl;0.63;0.02;1.Eyl;0.078;18;30;0.99712;3.Nis;0.75;9.Aðu;5
6.Eyl;0.58;0.2;Oca.75;0.058;8;22;0.99322;Mar.38;0.49;11.Tem;5
7.Mar;0.67;0.02;2.Þub;0.072;31;92;0.99566;Mar.32;0.68;11.Oca;6
7.Nis;0.785;0.19;5.Þub;0.094;19;98;0.99713;Mar.16;0.52;9.Haz;6
6.Eyl;0.63;0.02;1.Eyl;0.078;18;30;0.99712;3.Nis;0.75;9.Aðu;5
6.Aðu;0.67;0;1.Eyl;0.08;22;39;0.99701;3.Nis;0.74;9.Tem;5
6.Eyl;0.58;0.01;1.Eyl;0.08;40;54;0.99683;3.Nis;0.73;9.Tem;5
7.Þub;0.38;0.31;2;0.056;15;29;0.99472;Mar.23;0.76;11.Mar;8
7.Þub;0.37;0.32;2;0.062;15;28;0.9947;Mar.23;0.73;11.Mar;7
7.Aðu;0.32;0.44;2.Tem;0.104;8;17;0.99732;Mar.33;0.78;11;7
6.Haz;0.58;0.02;2;0.062;37;53;0.99374;Mar.35;0.76;11.Haz;7
7.Haz;0.49;0.33;1.Eyl;0.074;27;85;0.99706;Mar.41;0.58;9;5
11.Tem;0.45;0.63;2.Þub;0.073;7;23;0.99974;Mar.21;0.69;10.Eyl;6
6.May;0.9;0;1.Haz;0.052;9;17;0.99467;3.May;0.63;10.Eyl;6
6;0.54;0.06;1.Aðu;0.05;38;89;0.99236;3.Mar;0.5;Eki.55;6
7.Haz;0.49;0.33;1.Eyl;0.074;27;85;0.99706;Mar.41;0.58;9;5
8.Nis;0.29;0.4;1.Tem;0.067;8;20;0.99603;Mar.39;0.6;10.May;5
7.Eyl;0.2;0.35;1.Tem;0.054;7;15;0.99458;Mar.32;0.8;11.Eyl;7
6.Nis;0.42;0.09;2.Mar;0.054;34;64;0.99724;Mar.41;0.68;10.Nis;6
6.Þub;0.785;0;2.Oca;0.06;6;13;0.99664;Mar.59;0.61;10;4
6.Aðu;0.64;0.03;2.Mar;0.075;14;31;0.99545;Mar.36;0.58;10.Nis;6
6.Eyl;0.63;0.01;2.Nis;0.076;14;39;0.99522;Mar.34;0.53;10.Aðu;6
6.Aðu;0.59;0.1;1.Tem;0.063;34;53;0.9958;Mar.41;0.67;9.Tem;5
6.Aðu;0.59;0.1;1.Tem;0.063;34;53;0.9958;Mar.41;0.67;9.Tem;5
7.Mar;0.48;0.32;2.Oca;0.062;31;54;0.99728;3.Mar;0.65;10;7
6.Tem;1.Nis;0.08;2.Mar;0.067;19;32;0.99648;Mar.52;0.57;11;4
7.Mar;0.48;0.32;2.Oca;0.062;31;54;0.99728;3.Mar;0.65;10;7
7.Mar;0.98;0.05;2.Oca;0.061;20;49;0.99705;Mar.31;0.55;9.Tem;3
10;0.69;0.11;1.Nis;0.084;8;24;0.99578;Þub.88;0.47;9.Tem;5
6.Tem;0.7;0.08;Mar.75;0.067;8;16;0.99334;Mar.43;0.52;12.Haz;5
7.Haz;0.35;0.6;2.Haz;0.073;23;44;0.99656;Mar.38;0.79;11.Oca;6
6.Oca;0.6;0.08;1.Aðu;0.071;14;45;0.99336;Mar.38;0.54;11;5
9.Eyl;0.5;0.5;13.Aðu;0.205;48;82;100.242;Mar.16;0.75;8.Aðu;5
5.Mar;0.47;0.11;2.Þub;0.048;16;89;0.99182;Mar.54;0.88;135.666.666.666.667;7
9.Eyl;0.5;0.5;13.Aðu;0.205;48;82;100.242;Mar.16;0.75;8.Aðu;5
5.Mar;0.47;0.11;2.Þub;0.048;16;89;0.99182;Mar.54;0.88;13.Haz;7
7.Oca;0.875;0.05;5.Tem;0.082;3;14;0.99808;3.Nis;0.52;10.Þub;3
8.Þub;0.28;0.6;3;0.104;10;22;0.99828;Mar.39;0.68;10.Haz;5
5.Haz;0.62;0.03;1.May;0.08;6;13;0.99498;Mar.66;0.62;10.Oca;4
8.Þub;0.28;0.6;3;0.104;10;22;0.99828;Mar.39;0.68;10.Haz;5
7.Þub;0.58;0.54;2.Oca;0.114;3;9;0.99719;Mar.33;0.57;10.Mar;4
8.Oca;0.33;0.44;1.May;0.042;6;12;0.99542;Mar.35;0.61;10.Tem;5
6.Aðu;0.91;0.06;2;0.06;4;11;0.99592;Mar.53;0.64;10.Eyl;4
7;0.655;0.16;2.Oca;0.074;8;25;0.99606;Mar.37;0.55;9.Tem;5
6.Aðu;0.68;0.21;2.Oca;0.07;9;23;0.99546;Mar.38;0.6;10.Mar;5
6;0.64;0.05;1.Eyl;0.066;9;17;0.99496;Mar.52;0.78;10.Haz;5
5.Haz;0.54;0.04;1.Tem;0.049;5;13;0.9942;Mar.72;0.58;11.Nis;5
6.Þub;0.57;0.1;2.Oca;0.048;4;11;0.99448;Mar.44;0.76;10.Aðu;6
7.Oca;0.22;0.49;1.Aðu;0.039;8;18;0.99344;Mar.39;0.56;12.Nis;6
5.Haz;0.54;0.04;1.Tem;0.049;5;13;0.9942;Mar.72;0.58;11.Nis;5
6.Þub;0.65;0.06;1.Haz;0.05;6;18;0.99348;Mar.57;0.54;Kas.95;5
7.Tem;0.54;0.26;1.Eyl;0.089;23;147;0.99636;Mar.26;0.59;9.Tem;5
6.Nis;0.31;0.09;1.Nis;0.066;15;28;0.99459;Mar.42;0.7;10;7
7;0.43;0.02;1.Eyl;0.08;15;28;0.99492;Mar.35;0.81;10.Haz;6
7.Tem;0.54;0.26;1.Eyl;0.089;23;147;0.99636;Mar.26;0.59;9.Tem;5
6.Eyl;0.74;0.03;2.Mar;0.054;7;16;0.99508;Mar.45;0.63;11.May;6
6.Haz;0.895;0.04;2.Mar;0.068;7;13;0.99582;Mar.53;0.58;10.Aðu;6
6.Eyl;0.74;0.03;2.Mar;0.054;7;16;0.99508;Mar.45;0.63;11.May;6
7.May;0.725;0.04;1.May;0.076;8;15;0.99508;Mar.26;0.53;9.Haz;5
7.Aðu;0.82;0.29;4.Mar;0.083;21;64;0.99642;Mar.16;0.53;9.Nis;5
7.Mar;0.585;0.18;2.Nis;0.078;15;60;0.99638;Mar.31;0.54;9.Aðu;5
6.Þub;0.44;0.39;2.May;0.077;6;14;0.99555;Mar.51;0.69;11;6
7.May;0.38;0.57;2.Mar;0.106;5;12;0.99605;Mar.36;0.55;11.Nis;6
6.Tem;0.76;0.02;1.Aðu;0.078;6;12;0.996;Mar.55;0.63;Eyl.95;3
6.Aðu;0.81;0.05;2;0.07;6;14;0.99562;Mar.51;0.66;10.Aðu;6
7.May;0.38;0.57;2.Mar;0.106;5;12;0.99605;Mar.36;0.55;11.Nis;6
7.Oca;0.27;0.6;2.Oca;0.074;17;25;0.99814;Mar.38;0.72;10.Haz;6
7.Eyl;0.18;0.4;1.Aðu;0.062;7;20;0.9941;Mar.28;0.7;11.Oca;5
6.Nis;0.36;0.21;2.Þub;0.047;26;48;0.99661;Mar.47;0.77;9.Tem;6
7.Oca;0.69;0.04;2.Oca;0.068;19;27;0.99712;Mar.44;0.67;9.Aðu;5
6.Nis;0.79;0.04;2.Þub;0.061;11;17;0.99588;Mar.53;0.65;10.Nis;6
6.Nis;0.56;0.15;1.Aðu;0.078;17;65;0.99294;Mar.33;0.6;10.May;6
6.Eyl;0.84;0.21;4.Oca;0.074;16;65;0.99842;Mar.53;0.72;923.333.333.333.333;6
6.Eyl;0.84;0.21;4.Oca;0.074;16;65;0.99842;Mar.53;0.72;Eyl.25;6
6.Oca;0.32;0.25;2.Mar;0.071;23;58;0.99633;Mar.42;0.97;10.Haz;5
6.May;0.53;0.06;2;0.063;29;44;0.99489;Mar.38;0.83;10.Mar;6
7.Nis;0.47;0.46;2.Þub;0.114;7;20;0.99647;Mar.32;0.63;10.May;5
6.Haz;0.7;0.08;2.Haz;0.106;14;27;0.99665;Mar.44;0.58;10.Þub;5
6.May;0.53;0.06;2;0.063;29;44;0.99489;Mar.38;0.83;10.Mar;6
6.Eyl;0.48;0.2;1.Eyl;0.082;9;23;0.99585;Mar.39;0.43;9.May;4
6.Oca;0.32;0.25;2.Mar;0.071;23;58;0.99633;Mar.42;0.97;10.Haz;5
6.Aðu;0.48;0.25;2;0.076;29;61;0.9953;Mar.34;0.6;10.Nis;5
6;0.42;0.19;2;0.075;22;47;0.99522;Mar.39;0.78;10;6
6.Tem;0.48;0.08;2.Oca;0.064;18;34;0.99552;Mar.33;0.64;9.Tem;5
6.Aðu;0.47;0.08;2.Þub;0.064;18;38;0.99553;3.Mar;0.65;9.Haz;6
7.Oca;0.53;0.07;1.Tem;0.071;15;24;0.9951;Mar.29;0.66;10.Aðu;6
7.Eyl;0.29;0.49;2.Þub;0.096;21;59;0.99714;Mar.31;0.67;10.Oca;6
7.Oca;0.69;0.08;2.Oca;0.063;42;52;0.99608;Mar.42;0.6;10.Þub;6
6.Haz;0.44;0.09;2.Þub;0.063;9;18;0.99444;Mar.42;0.69;11.Mar;6
6.Oca;0.705;0.1;2.Aðu;0.081;13;28;0.99631;3.Haz;0.66;10.Þub;5
7.Þub;0.53;0.13;2;0.058;18;22;0.99573;Mar.21;0.68;9.Eyl;6
8;0.39;0.3;1.Eyl;0.074;32;84;0.99717;Mar.39;0.61;9;5
6.Haz;0.56;0.14;2.Nis;0.064;13;29;0.99397;Mar.42;0.62;11.Tem;7
7;0.55;0.13;2.Þub;0.075;15;35;0.9959;Mar.36;0.59;9.Tem;6
6.Oca;0.53;0.08;1.Eyl;0.077;24;45;0.99528;3.Haz;0.68;10.Mar;6
5.Nis;0.58;0.08;1.Eyl;0.059;20;31;0.99484;3.May;0.64;10.Þub;6
6.Þub;0.64;0.09;2.May;0.081;15;26;0.99538;Mar.57;0.63;12;5
7.Þub;0.39;0.32;1.Aðu;0.065;34;60;0.99714;Mar.46;0.78;9.Eyl;5
6.Þub;0.52;0.08;4.Nis;0.071;11;32;0.99646;Mar.56;0.63;11.Haz;6
7.Nis;0.25;0.29;2.Þub;0.054;19;49;0.99666;3.Nis;0.76;10.Eyl;7
6.Tem;0.855;0.02;1.Eyl;0.064;29;38;0.99472;3.Mar;0.56;Eki.75;6
11.Oca;0.44;0.42;2.Þub;0.064;14;19;0.99758;Mar.25;0.57;10.Nis;6
8.Nis;0.37;0.43;2.Mar;0.063;12;19;0.9955;Mar.17;0.81;11.Þub;7
6.May;0.63;0.33;1.Aðu;0.059;16;28;0.99531;Mar.36;0.64;10.Oca;6
7;0.57;0.02;2;0.072;17;26;0.99575;Mar.36;0.61;10.Þub;5
6.Mar;0.6;0.1;1.Haz;0.048;12;26;0.99306;Mar.55;0.51;12.Oca;5
11.Þub;0.4;0.5;2;0.099;19;50;0.99783;3.Oca;0.58;10.Nis;5
7.Nis;0.36;0.3;1.Aðu;0.074;17;24;0.99419;Mar.24;0.7;11.Nis;8
7.Oca;0.68;0;2.Mar;0.087;17;26;0.99783;Mar.45;0.53;9.May;5
7.Oca;0.67;0;2.Mar;0.083;18;27;0.99768;Mar.44;0.54;9.Nis;5
6.Mar;0.68;0.01;3.Tem;0.103;32;54;0.99586;Mar.51;0.66;11.Mar;6
7.Mar;0.735;0;2.Þub;0.08;18;28;0.99765;Mar.41;0.6;9.Nis;5
6.Haz;0.855;0.02;2.Nis;0.062;15;23;0.99627;Mar.54;0.6;11;6
7;0.56;0.17;1.Tem;0.065;15;24;0.99514;Mar.44;0.68;Eki.55;7
6.Haz;0.88;0.04;2.Þub;0.066;12;20;0.99636;Mar.53;0.56;9.Eyl;5
6.Haz;0.855;0.02;2.Nis;0.062;15;23;0.99627;Mar.54;0.6;11;6
6.Eyl;0.63;0.33;6.Tem;0.235;66;115;0.99787;Mar.22;0.56;9.May;5
7.Aðu;0.6;0.26;2;0.08;31;131;0.99622;Mar.21;0.52;9.Eyl;5
7.Aðu;0.6;0.26;2;0.08;31;131;0.99622;Mar.21;0.52;9.Eyl;5
7.Aðu;0.6;0.26;2;0.08;31;131;0.99622;Mar.21;0.52;9.Eyl;5
7.Þub;0.695;0.13;2;0.076;12;20;0.99546;Mar.29;0.54;10.Oca;5
7.Þub;0.695;0.13;2;0.076;12;20;0.99546;Mar.29;0.54;10.Oca;5
7.Þub;0.695;0.13;2;0.076;12;20;0.99546;Mar.29;0.54;10.Oca;5
6.Tem;0.67;0.02;1.Eyl;0.061;26;42;0.99489;Mar.39;0.82;10.Eyl;6
6.Tem;0.16;0.64;2.Oca;0.059;24;52;0.99494;Mar.34;0.71;11.Þub;6
7.Þub;0.695;0.13;2;0.076;12;20;0.99546;Mar.29;0.54;10.Oca;5
7;0.56;0.13;1.Haz;0.077;25;42;0.99629;Mar.34;0.59;9.Þub;5
6.Þub;0.51;0.14;1.Eyl;0.056;15;34;0.99396;Mar.48;0.57;11.May;6
6.Nis;0.36;0.53;2.Þub;0.23;19;35;0.9934;Mar.37;0.93;12.Nis;6
6.Nis;0.38;0.14;2.Þub;0.038;15;25;0.99514;Mar.44;0.65;11.Oca;6
7.Mar;0.69;0.32;2.Þub;0.069;35;104;0.99632;Mar.33;0.51;9.May;5
6;0.58;0.2;2.Nis;0.075;15;50;0.99467;Mar.58;0.67;12.May;6
5.Haz;0.31;0.78;13.Eyl;0.074;23;92;0.99677;Mar.39;0.48;10.May;6
7.May;0.52;0.4;2.Þub;0.06;12;20;0.99474;Mar.26;0.64;11.Aðu;6
8;0.3;0.63;1.Haz;0.081;16;29;0.99588;3.Mar;0.78;10.Aðu;6
6.Þub;0.7;0.15;5.Oca;0.076;13;27;0.99622;Mar.54;0.6;11.Eyl;6
6.Aðu;0.67;0.15;1.Aðu;0.118;13;20;0.9954;Mar.42;0.67;11.Mar;6
6.Þub;0.56;0.09;1.Tem;0.053;24;32;0.99402;Mar.54;0.6;11.Mar;5
7.Nis;0.35;0.33;2.Nis;0.068;9;26;0.9947;Mar.36;0.6;11.Eyl;6
6.Þub;0.56;0.09;1.Tem;0.053;24;32;0.99402;Mar.54;0.6;11.Mar;5
6.Oca;0.715;0.1;2.Haz;0.053;13;27;0.99362;Mar.57;0.5;11.Eyl;5
6.Þub;0.46;0.29;2.Oca;0.074;32;98;0.99578;Mar.33;0.62;9.Aðu;5
6.Tem;0.32;0.44;2.Nis;0.061;24;34;0.99484;Mar.29;0.8;11.Haz;7
7.Þub;0.39;0.44;2.Haz;0.066;22;48;0.99494;3.Mar;0.84;11.May;6
7.May;0.31;0.41;2.Nis;0.065;34;60;0.99492;Mar.34;0.85;11.Nis;6
5.Aðu;0.61;0.11;1.Aðu;0.066;18;28;0.99483;Mar.55;0.66;10.Eyl;6
7.Þub;0.66;0.33;2.May;0.068;34;102;0.99414;Mar.27;0.78;12.Aðu;6
6.Haz;0.725;0.2;7.Aðu;0.073;29;79;0.9977;Mar.29;0.54;9.Þub;5
6.Mar;0.55;0.15;1.Aðu;0.077;26;35;0.99314;Mar.32;0.82;11.Haz;6
5.Nis;0.74;0.09;1.Tem;0.089;16;26;0.99402;Mar.67;0.56;11.Haz;6
6.Mar;0.51;0.13;2.Mar;0.076;29;40;0.99574;Mar.42;0.75;11;6
6.Aðu;0.62;0.08;1.Eyl;0.068;28;38;0.99651;Mar.42;0.82;9.May;6
6.Þub;0.6;0.08;2;0.09;32;44;0.9949;Mar.45;0.58;10.May;5
5.Eyl;0.55;0.1;2.Þub;0.062;39;51;0.99512;Mar.52;0.76;11.Þub;6
6.Mar;0.51;0.13;2.Mar;0.076;29;40;0.99574;Mar.42;0.75;11;6
5.Eyl;0.645;0.12;2;0.075;32;44;0.99547;Mar.57;0.71;10.Þub;5
6;0.31;0.47;3.Haz;0.067;18;42;0.99549;Mar.39;0.66;11;6
